pais,data,juros,inflacao_12m,juro_real
Alemanha,2000-01-01,3.0000,1.6238,1.3542
Alemanha,2000-02-01,3.2500,1.4865,1.7377
Alemanha,2000-03-01,3.5000,1.4865,1.9840
Alemanha,2000-04-01,3.7500,0.9409,2.7830
Alemanha,2000-05-01,3.7500,0.9409,2.7830
Alemanha,2000-06-01,4.2500,1.2081,3.0056
Alemanha,2000-07-01,4.2500,1.3369,2.8747
Alemanha,2000-08-01,4.2500,1.0695,3.1468
Alemanha,2000-09-01,4.5000,1.6086,2.8456
Alemanha,2000-10-01,4.7500,1.6107,3.0895
Alemanha,2000-11-01,4.7500,1.4726,3.2299
Alemanha,2000-12-01,4.7500,2.0027,2.6934
Alemanha,2001-01-01,4.7500,1.4647,3.2379
Alemanha,2001-02-01,4.7500,1.9973,2.6988
Alemanha,2001-03-01,4.7500,1.9973,2.6988
Alemanha,2001-04-01,4.7500,2.3968,2.2981
Alemanha,2001-05-01,4.5000,2.7963,1.6574
Alemanha,2001-06-01,4.5000,2.5199,1.9314
Alemanha,2001-07-01,4.5000,2.1108,2.3398
Alemanha,2001-08-01,4.2500,2.1164,2.0894
Alemanha,2001-09-01,3.7500,1.8470,1.8685
Alemanha,2001-10-01,3.7500,1.8494,1.8661
Alemanha,2001-11-01,3.2500,1.4512,1.7731
Alemanha,2001-12-01,3.2500,1.7016,1.5225
Alemanha,2002-01-01,3.2500,1.9685,1.2568
Alemanha,2002-02-01,3.2500,1.8277,1.3968
Alemanha,2002-03-01,3.2500,2.0888,1.1375
Alemanha,2002-04-01,3.2500,1.5605,1.6636
Alemanha,2002-05-01,3.2500,1.2953,1.9297
Alemanha,2002-06-01,3.2500,1.1643,2.0617
Alemanha,2002-07-01,3.2500,1.1628,2.0632
Alemanha,2002-08-01,3.2500,1.2953,1.9297
Alemanha,2002-09-01,3.2500,1.2953,1.9297
Alemanha,2002-10-01,3.2500,1.2970,1.9280
Alemanha,2002-11-01,3.2500,1.1704,2.0556
Alemanha,2002-12-01,2.7500,1.0296,1.7029
Alemanha,2003-01-01,2.7500,1.0296,1.7029
Alemanha,2003-02-01,2.7500,1.2821,1.4494
Alemanha,2003-03-01,2.5000,1.0230,1.4620
Alemanha,2003-04-01,2.5000,0.8963,1.5895
Alemanha,2003-05-01,2.5000,0.5115,1.9784
Alemanha,2003-06-01,2.0000,0.8951,1.0951
Alemanha,2003-07-01,2.0000,0.8940,1.0962
Alemanha,2003-08-01,2.0000,1.0230,0.9671
Alemanha,2003-09-01,2.0000,1.0230,0.9671
Alemanha,2003-10-01,2.0000,1.1524,0.8380
Alemanha,2003-11-01,2.0000,1.2853,0.7056
Alemanha,2003-12-01,2.0000,1.1465,0.8438
Alemanha,2004-01-01,2.0000,1.1465,0.8438
Alemanha,2004-02-01,2.0000,0.7595,1.2312
Alemanha,2004-03-01,2.0000,1.1392,0.8511
Alemanha,2004-04-01,2.0000,1.6497,0.3446
Alemanha,2004-05-01,2.0000,2.1629,-0.1594
Alemanha,2004-06-01,2.0000,1.7744,0.2217
Alemanha,2004-07-01,2.0000,1.7722,0.2239
Alemanha,2004-08-01,2.0000,1.8987,0.0994
Alemanha,2004-09-01,2.0000,1.6456,0.3487
Alemanha,2004-10-01,2.0000,1.7722,0.2239
Alemanha,2004-11-01,2.0000,1.9036,0.0946
Alemanha,2004-12-01,2.0000,2.2670,-0.2611
Alemanha,2005-01-01,2.0000,1.5113,0.4814
Alemanha,2005-02-01,2.0000,1.6332,0.3609
Alemanha,2005-03-01,2.0000,1.7522,0.2435
Alemanha,2005-04-01,2.0000,1.1236,0.8667
Alemanha,2005-05-01,2.0000,1.1208,0.8695
Alemanha,2005-06-01,2.0000,1.2453,0.7454
Alemanha,2005-07-01,2.0000,1.6169,0.3770
Alemanha,2005-08-01,2.0000,1.6149,0.3790
Alemanha,2005-09-01,2.0000,1.9925,0.0073
Alemanha,2005-10-01,2.0000,1.8657,0.1319
Alemanha,2005-11-01,2.0000,1.7435,0.2521
Alemanha,2005-12-01,2.2500,1.3547,0.8834
Alemanha,2006-01-01,2.2500,1.7370,0.5043
Alemanha,2006-02-01,2.2500,1.8541,0.3887
Alemanha,2006-03-01,2.5000,1.3530,1.1317
Alemanha,2006-04-01,2.5000,2.0988,0.3930
Alemanha,2006-05-01,2.5000,1.8473,0.6409
Alemanha,2006-06-01,2.7500,1.9680,0.7669
Alemanha,2006-07-01,2.7500,1.8360,0.8975
Alemanha,2006-08-01,3.0000,1.4670,1.5108
Alemanha,2006-09-01,3.0000,0.9768,2.0036
Alemanha,2006-10-01,3.2500,1.0989,2.1277
Alemanha,2006-11-01,3.2500,1.3464,1.8783
Alemanha,2006-12-01,3.5000,1.4581,2.0126
Alemanha,2007-01-01,3.5000,1.8293,1.6407
Alemanha,2007-02-01,3.5000,1.6990,1.7709
Alemanha,2007-03-01,3.7500,1.9417,1.7738
Alemanha,2007-04-01,3.7500,2.0556,1.6602
Alemanha,2007-05-01,3.7500,2.0556,1.6602
Alemanha,2007-06-01,4.0000,1.9300,2.0308
Alemanha,2007-07-01,4.0000,2.0433,1.9176
Alemanha,2007-08-01,4.0000,2.1687,1.7925
Alemanha,2007-09-01,4.0000,2.6602,1.3051
Alemanha,2007-10-01,4.0000,2.7778,1.1892
Alemanha,2007-11-01,4.0000,3.3816,0.5981
Alemanha,2007-12-01,4.0000,3.1138,0.8595
Alemanha,2008-01-01,4.0000,2.7545,1.2121
Alemanha,2008-02-01,4.0000,2.8640,1.1044
Alemanha,2008-03-01,4.0000,3.0952,0.8776
Alemanha,2008-04-01,4.0000,2.3697,1.5926
Alemanha,2008-05-01,4.0000,2.9621,1.0081
Alemanha,2008-06-01,4.0000,3.1953,0.7798
Alemanha,2008-07-01,4.2500,3.2980,0.9216
Alemanha,2008-08-01,4.2500,3.0660,1.1487
Alemanha,2008-09-01,4.2500,2.9446,1.2680
Alemanha,2008-10-01,3.7500,2.4677,1.2514
Alemanha,2008-11-01,3.2500,1.4019,1.8226
Alemanha,2008-12-01,2.5000,1.0453,1.4397
Alemanha,2009-01-01,2.0000,0.9324,1.0577
Alemanha,2009-02-01,2.0000,1.0441,0.9460
Alemanha,2009-03-01,1.5000,0.4619,1.0333
Alemanha,2009-04-01,1.2500,0.6944,0.5517
Alemanha,2009-05-01,1.0000,0.1151,0.8839
Alemanha,2009-06-01,1.0000,0.1147,0.8843
Alemanha,2009-07-01,1.0000,-0.4561,1.4628
Alemanha,2009-08-01,1.0000,0.1144,0.8846
Alemanha,2009-09-01,1.0000,-0.3432,1.3479
Alemanha,2009-10-01,1.0000,0.0000,1.0000
Alemanha,2009-11-01,1.0000,0.3456,0.6521
Alemanha,2009-12-01,1.0000,0.9195,0.0797
Alemanha,2010-01-01,1.0000,0.8083,0.1901
Alemanha,2010-02-01,1.0000,0.5741,0.4235
Alemanha,2010-03-01,1.0000,1.2644,-0.2611
Alemanha,2010-04-01,1.0000,1.2644,-0.2611
Alemanha,2010-05-01,1.0000,1.2644,-0.2611
Alemanha,2010-06-01,1.0000,0.9164,0.0829
Alemanha,2010-07-01,1.0000,1.0309,-0.0306
Alemanha,2010-08-01,1.0000,0.9143,0.0849
Alemanha,2010-09-01,1.0000,1.2629,-0.2596
Alemanha,2010-10-01,1.0000,1.2615,-0.2582
Alemanha,2010-11-01,1.0000,1.4925,-0.4853
Alemanha,2010-12-01,1.0000,1.3667,-0.3618
Alemanha,2011-01-01,1.0000,1.6037,-0.5941
Alemanha,2011-02-01,1.0000,1.9406,-0.9227
Alemanha,2011-03-01,1.0000,1.9296,-0.9120
Alemanha,2011-04-01,1.2500,1.9296,-0.6668
Alemanha,2011-05-01,1.2500,1.9296,-0.6668
Alemanha,2011-06-01,1.2500,2.0431,-0.7773
Alemanha,2011-07-01,1.5000,2.1542,-0.6404
Alemanha,2011-08-01,1.5000,2.1518,-0.6380
Alemanha,2011-09-01,1.5000,2.3810,-0.8605
Alemanha,2011-10-01,1.5000,2.3783,-0.8579
Alemanha,2011-11-01,1.2500,2.3756,-1.0994
Alemanha,2011-12-01,1.0000,1.9101,-0.8931
Alemanha,2012-01-01,1.0000,2.1421,-1.1181
Alemanha,2012-02-01,1.0000,2.1277,-1.1042
Alemanha,2012-03-01,1.0000,2.1158,-1.0927
Alemanha,2012-04-01,1.0000,2.0045,-0.9847
Alemanha,2012-05-01,1.0000,1.8931,-0.8765
Alemanha,2012-06-01,1.0000,1.6685,-0.6575
Alemanha,2012-07-01,0.7500,1.7758,-1.0079
Alemanha,2012-08-01,0.7500,2.1064,-1.3284
Alemanha,2012-09-01,0.7500,2.1041,-1.3262
Alemanha,2012-10-01,0.7500,1.9911,-1.2169
Alemanha,2012-11-01,0.7500,1.8785,-1.1076
Alemanha,2012-12-01,0.7500,1.9846,-1.2105
Alemanha,2013-01-01,0.7500,1.6556,-0.8909
Alemanha,2013-02-01,0.7500,1.5351,-0.7732
Alemanha,2013-03-01,0.7500,1.4177,-0.6583
Alemanha,2013-04-01,0.7500,1.0917,-0.3380
Alemanha,2013-05-01,0.5000,1.6393,-1.1210
Alemanha,2013-06-01,0.5000,1.8600,-1.3351
Alemanha,2013-07-01,0.5000,1.9629,-1.4348
Alemanha,2013-08-01,0.5000,1.5201,-1.0048
Alemanha,2013-09-01,0.5000,1.4100,-0.8973
Alemanha,2013-10-01,0.5000,1.1931,-0.6849
Alemanha,2013-11-01,0.2500,1.4100,-1.1438
Alemanha,2013-12-01,0.2500,1.5135,-1.2447
Alemanha,2014-01-01,0.2500,1.3029,-1.0394
Alemanha,2014-02-01,0.2500,1.2959,-1.0325
Alemanha,2014-03-01,0.2500,1.0753,-0.8165
Alemanha,2014-04-01,0.2500,1.4039,-1.1379
Alemanha,2014-05-01,0.2500,0.8602,-0.6050
Alemanha,2014-06-01,0.1500,0.9667,-0.8089
Alemanha,2014-07-01,0.1500,0.8556,-0.6996
Alemanha,2014-08-01,0.1500,0.8556,-0.6996
Alemanha,2014-09-01,0.0500,0.8556,-0.7988
Alemanha,2014-10-01,0.0500,0.8574,-0.8006
Alemanha,2014-11-01,0.0500,0.6417,-0.5879
Alemanha,2014-12-01,0.0500,0.1065,-0.0564
Alemanha,2015-01-01,0.0500,-0.2144,0.2649
Alemanha,2015-02-01,0.0500,0.0000,0.0500
Alemanha,2015-03-01,0.0500,0.3191,-0.2683
Alemanha,2015-04-01,0.0500,0.8520,-0.7952
Alemanha,2015-05-01,0.0500,1.1727,-1.1097
Alemanha,2015-06-01,0.0500,0.9574,-0.8988
Alemanha,2015-07-01,0.0500,0.8484,-0.7916
Alemanha,2015-08-01,0.0500,0.7423,-0.6872
Alemanha,2015-09-01,0.0500,0.6363,-0.5826
Alemanha,2015-10-01,0.0500,0.8502,-0.7934
Alemanha,2015-11-01,0.0500,0.2125,-0.1622
Alemanha,2015-12-01,0.0500,0.3191,-0.2683
Alemanha,2016-01-01,0.0500,0.5371,-0.4845
Alemanha,2016-02-01,0.0500,0.1066,-0.0565
Alemanha,2016-03-01,0.0000,0.2121,-0.2116
Alemanha,2016-04-01,0.0000,-0.1056,0.1057
Alemanha,2016-05-01,0.0000,0.2107,-0.2103
Alemanha,2016-06-01,0.0000,0.3161,-0.3151
Alemanha,2016-07-01,0.0000,0.4206,-0.4188
Alemanha,2016-08-01,0.0000,0.4211,-0.4193
Alemanha,2016-09-01,0.0000,0.6322,-0.6283
Alemanha,2016-10-01,0.0000,0.7376,-0.7322
Alemanha,2016-11-01,0.0000,0.7423,-0.7368
Alemanha,2016-12-01,0.0000,1.3786,-1.3598
Alemanha,2017-01-01,0.0000,1.6026,-1.5773
Alemanha,2017-02-01,0.0000,1.8104,-1.7782
Alemanha,2017-03-01,0.0000,1.3757,-1.3570
Alemanha,2017-04-01,0.0000,1.6913,-1.6632
Alemanha,2017-05-01,0.0000,1.1567,-1.1435
Alemanha,2017-06-01,0.0000,1.3655,-1.3472
Alemanha,2017-07-01,0.0000,1.4660,-1.4448
Alemanha,2017-08-01,0.0000,1.6771,-1.6495
Alemanha,2017-09-01,0.0000,1.5707,-1.5464
Alemanha,2017-10-01,0.0000,1.3598,-1.3416
Alemanha,2017-11-01,0.0000,1.5789,-1.5544
Alemanha,2017-12-01,0.0000,1.3598,-1.3416
Alemanha,2018-01-01,0.0000,1.3670,-1.3485
Alemanha,2018-02-01,0.0000,1.1506,-1.1375
Alemanha,2018-03-01,0.0000,1.4614,-1.4403
Alemanha,2018-04-01,0.0000,1.3514,-1.3333
Alemanha,2018-05-01,0.0000,2.0790,-2.0367
Alemanha,2018-06-01,0.0000,1.8653,-1.8311
Alemanha,2018-07-01,0.0000,1.8576,-1.8237
Alemanha,2018-08-01,0.0000,1.8557,-1.8219
Alemanha,2018-09-01,0.0000,2.0619,-2.0202
Alemanha,2018-10-01,0.0000,2.2704,-2.2200
Alemanha,2018-11-01,0.0000,2.0725,-2.0305
Alemanha,2018-12-01,0.0000,1.6512,-1.6244
Alemanha,2019-01-01,0.0000,1.3485,-1.3306
Alemanha,2019-02-01,0.0000,1.4478,-1.4271
Alemanha,2019-03-01,0.0000,1.3374,-1.3198
Alemanha,2019-04-01,0.0000,1.9487,-1.9115
Alemanha,2019-05-01,0.0000,1.4257,-1.4056
Alemanha,2019-06-01,0.0000,1.6277,-1.6016
Alemanha,2019-07-01,0.0000,1.6211,-1.5952
Alemanha,2019-08-01,0.0000,1.4170,-1.3972
Alemanha,2019-09-01,0.0000,1.2121,-1.1976
Alemanha,2019-10-01,0.0000,1.1100,-1.0978
Alemanha,2019-11-01,0.0000,1.0152,-1.0050
Alemanha,2019-12-01,0.0000,1.5228,-1.5000
Alemanha,2020-01-01,0.0000,2.1494,-2.1042
Alemanha,2020-02-01,0.0000,2.0387,-1.9980
Alemanha,2020-03-01,0.0000,1.8274,-1.7946
Alemanha,2020-04-01,0.0000,1.0060,-0.9960
Alemanha,2020-05-01,0.0000,0.8032,-0.7968
Alemanha,2020-06-01,0.0000,0.6006,-0.5970
Alemanha,2020-07-01,0.0000,-0.5982,0.6018
Alemanha,2020-08-01,0.0000,-0.4990,0.5015
Alemanha,2020-09-01,0.0000,-0.4990,0.5015
Alemanha,2020-10-01,0.0000,-0.2994,0.3003
Alemanha,2020-11-01,0.0000,0.2010,-0.2006
Alemanha,2020-12-01,0.0000,-0.2000,0.2004
Alemanha,2021-01-01,0.0000,1.2024,-1.1881
Alemanha,2021-02-01,0.0000,1.4985,-1.4764
Alemanha,2021-03-01,0.0000,1.7946,-1.7630
Alemanha,2021-04-01,0.0000,1.9920,-1.9531
Alemanha,2021-05-01,0.0000,2.1912,-2.1442
Alemanha,2021-06-01,0.0000,2.3881,-2.3324
Alemanha,2021-07-01,0.0000,3.7111,-3.5783
Alemanha,2021-08-01,0.0000,3.8114,-3.6715
Alemanha,2021-09-01,0.0000,4.1123,-3.9499
Alemanha,2021-10-01,0.0000,4.4044,-4.2186
Alemanha,2021-11-01,0.0000,4.8144,-4.5933
Alemanha,2021-12-01,0.0000,4.9098,-4.6800
Alemanha,2022-01-01,0.0000,4.1584,-3.9924
Alemanha,2022-02-01,0.0000,4.3307,-4.1509
Alemanha,2022-03-01,0.0000,5.8766,-5.5504
Alemanha,2022-04-01,0.0000,6.2500,-5.8824
Alemanha,2022-05-01,0.0000,7.0175,-6.5574
Alemanha,2022-06-01,0.0000,6.7055,-6.2842
Alemanha,2022-07-01,0.5000,6.6731,-5.7869
Alemanha,2022-08-01,0.5000,6.9565,-6.0366
Alemanha,2022-09-01,1.2500,8.5742,-6.7458
Alemanha,2022-10-01,1.2500,8.8207,-6.9570
Alemanha,2022-11-01,2.0000,8.8038,-6.2533
Alemanha,2022-12-01,2.5000,8.1184,-5.1966
Alemanha,2023-01-01,2.5000,8.6502,-5.6605
Alemanha,2023-02-01,3.0000,8.6792,-5.2257
Alemanha,2023-03-01,3.5000,7.4006,-3.6318
Alemanha,2023-04-01,3.5000,7.1691,-3.4237
Alemanha,2023-05-01,3.7500,6.1020,-2.2167
Alemanha,2023-06-01,4.0000,6.3752,-2.2329
Alemanha,2023-07-01,4.0000,6.1650,-2.0393
Alemanha,2023-08-01,4.2500,6.1427,-1.7832
Alemanha,2023-09-01,4.5000,4.5253,-0.0242
Alemanha,2023-10-01,4.5000,3.7885,0.6855
Alemanha,2023-11-01,4.5000,3.1662,1.2928
Alemanha,2023-12-01,4.5000,3.7102,0.7615
Alemanha,2024-01-01,4.5000,2.8871,1.5676
Alemanha,2024-02-01,4.5000,2.5174,1.9340
Alemanha,2024-03-01,4.5000,2.1533,2.2972
Alemanha,2024-04-01,4.5000,2.2298,2.2206
Alemanha,2024-05-01,4.5000,2.4034,2.0474
Alemanha,2024-06-01,4.2500,2.2260,1.9799
Alemanha,2024-07-01,4.2500,2.3057,1.9005
Alemanha,2024-08-01,4.2500,1.8723,2.3340
Alemanha,2024-09-01,3.5000,1.6129,1.8571
Alemanha,2024-10-01,3.2500,2.0374,1.1884
Alemanha,2024-11-01,3.2500,2.2165,1.0111
Alemanha,2024-12-01,3.0000,2.6405,0.3502
Alemanha,2025-01-01,3.0000,2.2959,0.6883
Alemanha,2025-02-01,2.7500,2.2862,0.4534
Alemanha,2025-03-01,2.5000,2.1922,0.3012
Alemanha,2025-04-01,2.2500,2.0973,0.1495
Alemanha,2025-05-01,2.2500,2.0956,0.1513
Alemanha,2025-06-01,2.0000,2.0101,-0.0099
Alemanha,2025-07-01,2.0000,2.0033,-0.0033
Alemanha,2025-08-01,2.0000,2.1721,-0.1684
Alemanha,2025-09-01,2.0000,2.4227,-0.4127
Alemanha,2025-10-01,2.0000,2.3295,-0.3220
Alemanha,2025-11-01,2.0000,2.3353,-0.3276
Alemanha,2025-12-01,2.0000,1.8257,0.1711
Alemanha,2026-01-01,2.0000,2.0781,-0.0765
Alemanha,2026-02-01,2.0000,1.9040,0.0942
Alemanha,2026-03-01,2.0000,2.7228,-0.7036
Alemanha,2026-04-01,2.0000,2.8759,-0.8514
Alemanha,2026-05-01,2.0000,2.6273,-0.6112
Alemanha,2026-06-01,2.2500,2.2989,-0.0478
Alemanha,2026-07-01,2.2500,2.7823,-0.5179
Alemanha,2026-08-01,2.2500,2.8618,-0.5948
Argentina,2000-01-01,7.2100,-1.4451,8.7820
Argentina,2000-02-01,6.1200,-1.2825,7.4987
Argentina,2000-03-01,6.3700,-1.0612,7.5109
Argentina,2000-04-01,6.3100,-1.0756,7.4659
Argentina,2000-05-01,6.8200,-0.9726,7.8691
Argentina,2000-06-01,7.1300,-1.1496,8.3759
Argentina,2000-07-01,6.6900,-0.9045,7.6638
Argentina,2000-08-01,7.8100,-0.7441,8.6182
Argentina,2000-09-01,8.2500,-0.6987,9.0116
Argentina,2000-10-01,9.4600,-0.5052,10.0157
Argentina,2000-11-01,8.4100,-0.6803,9.1526
Argentina,2000-12-01,12.1100,-0.7296,12.9340
Argentina,2001-01-01,6.1900,-1.4825,7.7879
Argentina,2001-02-01,5.6300,-1.7109,7.4687
Argentina,2001-03-01,56.1600,-1.0006,57.7383
Argentina,2001-04-01,11.2700,-0.2266,11.5227
Argentina,2001-05-01,6.0600,0.2275,5.8192
Argentina,2001-06-01,8.0900,-0.3111,8.4273
Argentina,2001-07-01,25.1900,-1.0668,26.5399
Argentina,2001-08-01,22.9500,-1.2081,24.4535
Argentina,2001-09-01,5.0800,-1.1311,6.2821
Argentina,2001-10-01,43.0400,-1.7433,45.5779
Argentina,2001-11-01,557.0400,-1.5818,567.5999
Argentina,2001-12-01,,-1.5465,
Argentina,2002-01-01,41.8100,0.6297,40.9226
Argentina,2002-02-01,23.6400,4.0269,18.8539
Argentina,2002-03-01,82.4600,7.9360,69.0446
Argentina,2002-04-01,101.6000,18.3579,70.3308
Argentina,2002-05-01,46.8700,23.0253,19.3819
Argentina,2002-06-01,41.8300,28.4075,10.4530
Argentina,2002-07-01,76.0800,32.9368,32.4539
Argentina,2002-08-01,37.9600,36.5385,1.0411
Argentina,2002-09-01,23.5100,38.4876,-10.8151
Argentina,2002-10-01,9.0500,39.4053,-21.7749
Argentina,2002-11-01,6.1800,40.5761,-24.4680
Argentina,2002-12-01,6.6300,40.9465,-24.3472
Argentina,2003-01-01,5.2900,39.6054,-24.5803
Argentina,2003-02-01,8.3200,36.1207,-20.4236
Argentina,2003-03-01,6.6300,31.7058,-19.0392
Argentina,2003-04-01,5.2700,19.3769,-11.8171
Argentina,2003-05-01,3.5600,14.3334,-9.4228
Argentina,2003-06-01,3.1300,10.2425,-6.4516
Argentina,2003-07-01,1.9500,7.3103,-4.9951
Argentina,2003-08-01,1.2300,4.8801,-3.4803
Argentina,2003-09-01,1.5700,3.5234,-1.8869
Argentina,2003-10-01,1.3800,3.9065,-2.4315
Argentina,2003-11-01,1.5000,3.6351,-2.0602
Argentina,2003-12-01,1.6700,3.6610,-1.9207
Argentina,2004-01-01,1.3800,2.7413,-1.3250
Argentina,2004-02-01,1.2600,2.2658,-0.9836
Argentina,2004-03-01,1.2800,2.2756,-0.9734
Argentina,2004-04-01,1.2200,3.0961,-1.8198
Argentina,2004-05-01,2.8400,4.2492,-1.3518
Argentina,2004-06-01,2.5000,4.9291,-2.3150
Argentina,2004-07-01,2.5000,4.9467,-2.3314
Argentina,2004-08-01,2.5000,5.2815,-2.6420
Argentina,2004-09-01,2.5000,5.9021,-3.2125
Argentina,2004-10-01,2.5000,5.6982,-3.0258
Argentina,2004-11-01,2.5000,5.4405,-2.7888
Argentina,2004-12-01,2.5000,6.0968,-3.3901
Argentina,2005-01-01,2.7500,7.2225,-4.1712
Argentina,2005-02-01,2.7500,8.1280,-4.9737
Argentina,2005-03-01,2.7500,9.1518,-5.8650
Argentina,2005-04-01,3.2500,8.7539,-5.0609
Argentina,2005-05-01,3.7500,8.6137,-4.4779
Argentina,2005-06-01,4.2500,8.9915,-4.3504
Argentina,2005-07-01,4.2500,9.5809,-4.8648
Argentina,2005-08-01,4.2500,9.6829,-4.9533
Argentina,2005-09-01,4.2500,10.2646,-5.4547
Argentina,2005-10-01,4.5000,10.6881,-5.5906
Argentina,2005-11-01,4.5000,12.0210,-6.7139
Argentina,2005-12-01,5.0000,12.3290,-6.5246
Argentina,2006-01-01,5.0000,12.0965,-6.3307
Argentina,2006-02-01,5.0000,11.4862,-5.8179
Argentina,2006-03-01,5.0000,11.1125,-5.5012
Argentina,2006-04-01,5.0000,11.6456,-5.9524
Argentina,2006-05-01,5.5000,11.4983,-5.3797
Argentina,2006-06-01,5.7500,11.0214,-4.7481
Argentina,2006-07-01,5.7500,10.5959,-4.3817
Argentina,2006-08-01,5.7500,10.7343,-4.5011
Argentina,2006-09-01,5.7500,10.4457,-4.2516
Argentina,2006-10-01,6.0000,10.5274,-4.0961
Argentina,2006-11-01,6.2500,9.9827,-3.3939
Argentina,2006-12-01,6.2500,9.8390,-3.2675
Argentina,2007-01-01,6.5000,9.6963,-2.9138
Argentina,2007-02-01,6.7500,9.5931,-2.5943
Argentina,2007-03-01,10.4000,9.1178,1.1751
Argentina,2007-04-01,10.3100,8.8711,1.3217
Argentina,2007-05-01,10.3300,8.8163,1.3911
Argentina,2007-06-01,10.2500,8.7704,1.3603
Argentina,2007-07-01,10.3100,8.6399,1.5373
Argentina,2007-08-01,10.5000,8.6665,1.6873
Argentina,2007-09-01,10.3700,8.5610,1.6663
Argentina,2007-10-01,10.7000,8.3747,2.1456
Argentina,2007-11-01,10.6500,8.5314,1.9521
Argentina,2007-12-01,10.7500,8.4737,2.0985
Argentina,2008-01-01,11.0000,8.2449,2.5453
Argentina,2008-02-01,11.3000,8.4229,2.6536
Argentina,2008-03-01,11.0700,8.8157,2.0716
Argentina,2008-04-01,11.5200,8.9090,2.3974
Argentina,2008-05-01,11.8000,9.0636,2.5090
Argentina,2008-06-01,11.8400,9.2749,2.3474
Argentina,2008-07-01,12.2000,9.1327,2.8106
Argentina,2008-08-01,12.2000,9.0084,2.9278
Argentina,2008-09-01,12.2600,8.6928,3.2819
Argentina,2008-10-01,12.4800,8.4188,3.7458
Argentina,2008-11-01,12.5000,7.8668,4.2953
Argentina,2008-12-01,12.0500,7.2374,4.4878
Argentina,2009-01-01,12.5000,6.8117,5.3255
Argentina,2009-02-01,13.4000,6.7743,6.2054
Argentina,2009-03-01,14.0000,6.2552,7.2888
Argentina,2009-04-01,14.3500,5.7300,8.1528
Argentina,2009-05-01,14.5500,5.4893,8.5893
Argentina,2009-06-01,16.2500,5.2668,10.4337
Argentina,2009-07-01,14.5900,5.5331,8.5820
Argentina,2009-08-01,15.8900,5.9089,9.4243
Argentina,2009-09-01,9.7500,6.1519,3.3896
Argentina,2009-10-01,9.5000,6.5431,2.7754
Argentina,2009-11-01,9.5000,7.0627,2.2765
Argentina,2009-12-01,9.5000,7.6945,1.6765
Argentina,2010-01-01,9.5000,8.2390,1.1650
Argentina,2010-02-01,9.5000,9.1204,0.3478
Argentina,2010-03-01,9.5000,9.6603,-0.1462
Argentina,2010-04-01,9.5000,10.2052,-0.6399
Argentina,2010-05-01,9.5000,10.6618,-1.0498
Argentina,2010-06-01,9.5000,11.0016,-1.3528
Argentina,2010-07-01,9.5000,11.2044,-1.5327
Argentina,2010-08-01,9.5000,11.1029,-1.4427
Argentina,2010-09-01,9.5000,11.0856,-1.4274
Argentina,2010-10-01,9.5000,11.1344,-1.4706
Argentina,2010-11-01,9.5000,11.0248,-1.3734
Argentina,2010-12-01,9.5000,10.9231,-1.2830
Argentina,2011-01-01,9.5000,10.5804,-0.9770
Argentina,2011-02-01,9.5000,10.0210,-0.4736
Argentina,2011-03-01,9.5000,9.7006,-0.1829
Argentina,2011-04-01,9.5000,9.7065,-0.1882
Argentina,2011-05-01,9.5000,9.6942,-0.1770
Argentina,2011-06-01,9.5000,9.6744,-0.1590
Argentina,2011-07-01,9.5000,9.6644,-0.1499
Argentina,2011-08-01,9.5000,9.7685,-0.2446
Argentina,2011-09-01,9.5000,9.8884,-0.3534
Argentina,2011-10-01,9.5000,9.6581,-0.1442
Argentina,2011-11-01,9.5000,9.5068,-0.0062
Argentina,2011-12-01,9.5000,9.5084,-0.0077
Argentina,2012-01-01,9.5000,9.7123,-0.1935
Argentina,2012-02-01,9.5000,9.7128,-0.1940
Argentina,2012-03-01,9.5000,9.8130,-0.2851
Argentina,2012-04-01,9.5000,9.8099,-0.2822
Argentina,2012-05-01,9.5000,9.8936,-0.3582
Argentina,2012-06-01,9.5000,9.9005,-0.3644
Argentina,2012-07-01,9.5000,9.8990,-0.3631
Argentina,2012-08-01,9.5000,9.9613,-0.4195
Argentina,2012-09-01,9.5000,10.0143,-0.4675
Argentina,2012-10-01,9.5000,10.2430,-0.6740
Argentina,2012-11-01,9.5000,10.6214,-1.0137
Argentina,2012-12-01,9.5000,10.8425,-1.2112
Argentina,2013-01-01,9.5000,11.0876,-1.4291
Argentina,2013-02-01,9.5000,10.8179,-1.1892
Argentina,2013-03-01,9.5000,10.5883,-0.9841
Argentina,2013-04-01,9.5000,10.4723,-0.8802
Argentina,2013-05-01,9.5000,10.3385,-0.7599
Argentina,2013-06-01,9.5000,10.4610,-0.8700
Argentina,2013-07-01,9.5000,10.6084,-1.0021
Argentina,2013-08-01,9.5000,10.5492,-0.9491
Argentina,2013-09-01,9.5000,10.4910,-0.8969
Argentina,2013-10-01,9.5000,10.5459,-0.9462
Argentina,2013-11-01,9.5000,10.5355,-0.9368
Argentina,2013-12-01,9.5000,10.9456,-1.3030
Argentina,2014-01-01,25.5201,13.7025,10.3934
Argentina,2014-02-01,28.7098,17.0099,9.9991
Argentina,2014-03-01,28.6298,19.1746,7.9339
Argentina,2014-04-01,27.7999,20.4304,6.1193
Argentina,2014-05-01,26.7301,21.3217,4.4579
Argentina,2014-06-01,26.8002,21.8835,4.0340
Argentina,2014-07-01,26.7801,22.4849,3.5068
Argentina,2014-08-01,26.8599,23.0841,3.0677
Argentina,2014-09-01,26.8599,23.7525,2.5110
Argentina,2014-10-01,26.8599,24.1806,2.1576
Argentina,2014-11-01,26.8599,24.4262,1.9559
Argentina,2014-12-01,26.8599,23.9126,2.3786
Argentina,2015-01-01,26.5600,20.8984,4.6830
Argentina,2015-02-01,26.3301,17.9955,7.0635
Argentina,2015-03-01,26.2199,16.5375,8.3084
Argentina,2015-04-01,25.9701,15.7977,8.7846
Argentina,2015-05-01,26.0401,15.3335,9.2831
Argentina,2015-06-01,26.0401,14.9563,9.6418
Argentina,2015-07-01,25.9237,14.8492,9.6427
Argentina,2015-08-01,25.8188,14.6727,9.7199
Argentina,2015-09-01,26.0367,14.4460,10.1277
Argentina,2015-10-01,28.9307,14.2960,12.8042
Argentina,2015-11-01,29.0366,15.2325,11.9794
Argentina,2015-12-01,33.0009,18.5659,12.1747
Argentina,2016-01-01,30.7503,22.0914,7.0921
Argentina,2016-02-01,31.1461,24.2461,5.5535
Argentina,2016-03-01,38.0008,26.2749,9.2860
Argentina,2016-04-01,37.9997,29.0894,6.9024
Argentina,2016-05-01,35.2503,33.1331,1.5903
Argentina,2016-06-01,30.7503,35.9123,-3.7981
Argentina,2016-07-01,30.2498,36.8726,-4.8387
Argentina,2016-08-01,28.2505,35.5567,-5.3898
Argentina,2016-09-01,26.7498,35.5192,-6.4710
Argentina,2016-10-01,26.7498,37.1969,-7.6147
Argentina,2016-11-01,24.7503,36.7445,-8.7713
Argentina,2016-12-01,24.7503,33.1631,-6.3177
Argentina,2017-01-01,24.7500,29.5532,-3.7075
Argentina,2017-02-01,24.7500,29.2362,-3.4713
Argentina,2017-03-01,24.7500,28.4677,-2.8939
Argentina,2017-04-01,26.2500,27.5192,-0.9953
Argentina,2017-05-01,26.2500,23.9574,1.8495
Argentina,2017-06-01,26.2500,21.9280,3.5447
Argentina,2017-07-01,26.2500,21.5369,3.8780
Argentina,2017-08-01,26.2500,23.0840,2.5722
Argentina,2017-09-01,26.2500,24.1725,1.6731
Argentina,2017-10-01,27.7500,22.8867,3.9575
Argentina,2017-11-01,28.7500,22.3419,5.2379
Argentina,2017-12-01,28.7500,25.0392,2.9677
Argentina,2018-01-01,27.2500,25.3686,1.5007
Argentina,2018-02-01,27.2500,25.5112,1.3854
Argentina,2018-03-01,27.2500,25.6347,1.2857
Argentina,2018-04-01,30.2500,25.5606,3.7348
Argentina,2018-05-01,40.0000,26.3617,10.7931
Argentina,2018-06-01,40.0000,29.5228,8.0890
Argentina,2018-07-01,40.0000,30.8971,6.9543
Argentina,2018-08-01,60.0000,34.2306,19.1979
Argentina,2018-09-01,65.0000,40.2869,17.6161
Argentina,2018-10-01,68.0480,45.4871,15.5071
Argentina,2018-11-01,60.7530,47.9617,8.6450
Argentina,2018-12-01,59.2520,47.1043,8.2578
Argentina,2019-01-01,53.6870,48.8990,3.2156
Argentina,2019-02-01,50.1270,50.7082,-0.3857
Argentina,2019-03-01,68.1550,54.1300,9.0994
Argentina,2019-04-01,73.9300,55.1409,12.1110
Argentina,2019-05-01,70.7300,56.8128,8.8750
Argentina,2019-06-01,62.6880,54.8416,5.0673
Argentina,2019-07-01,60.3960,53.8573,4.2499
Argentina,2019-08-01,83.2640,53.5733,19.3332
Argentina,2019-09-01,78.3720,52.3643,17.0694
Argentina,2019-10-01,68.0020,49.6708,12.2476
Argentina,2019-11-01,63.0020,51.3900,7.6703
Argentina,2019-12-01,55.0000,52.8653,1.3965
Argentina,2020-01-01,50.0000,51.4836,-0.9794
Argentina,2020-02-01,40.0000,48.5727,-5.7701
Argentina,2020-03-01,38.0000,46.8778,-6.0444
Argentina,2020-04-01,38.0000,44.2470,-4.3308
Argentina,2020-05-01,38.0000,42.1296,-2.9055
Argentina,2020-06-01,38.0000,41.3407,-2.3636
Argentina,2020-07-01,38.0000,40.6447,-1.8804
Argentina,2020-08-01,38.0000,39.1885,-0.8538
Argentina,2020-09-01,38.0000,35.1991,2.0717
Argentina,2020-10-01,36.0000,35.6767,0.2383
Argentina,2020-11-01,38.0000,34.2450,2.7971
Argentina,2020-12-01,38.0000,34.0970,2.9106
Argentina,2021-01-01,38.0000,35.9362,1.5182
Argentina,2021-02-01,38.0000,38.3045,-0.2202
Argentina,2021-03-01,38.0000,40.4419,-1.7387
Argentina,2021-04-01,38.0000,44.1990,-4.2989
Argentina,2021-05-01,38.0000,46.8329,-6.0156
Argentina,2021-06-01,38.0000,48.2943,-6.9418
Argentina,2021-07-01,38.0000,50.3982,-8.2436
Argentina,2021-08-01,38.0000,50.1186,-8.0727
Argentina,2021-09-01,38.0000,51.6690,-9.0124
Argentina,2021-10-01,38.0000,51.9759,-9.1961
Argentina,2021-11-01,38.0000,50.9353,-8.5701
Argentina,2021-12-01,38.0000,51.4380,-8.8736
Argentina,2022-01-01,40.0000,52.3761,-8.1221
Argentina,2022-02-01,42.5000,53.7852,-7.3383
Argentina,2022-03-01,44.5000,55.9342,-7.3327
Argentina,2022-04-01,47.0000,59.0487,-7.5755
Argentina,2022-05-01,49.0000,61.2055,-7.5714
Argentina,2022-06-01,52.0000,64.9738,-7.8641
Argentina,2022-07-01,60.0000,71.8284,-6.8838
Argentina,2022-08-01,69.5000,79.1092,-5.3650
Argentina,2022-09-01,75.0000,82.9025,-4.3206
Argentina,2022-10-01,75.0000,87.8002,-6.8159
Argentina,2022-11-01,75.0000,92.8173,-9.2405
Argentina,2022-12-01,75.0000,95.1908,-10.3441
Argentina,2023-01-01,75.0000,99.0097,-12.0646
Argentina,2023-02-01,75.0000,103.0610,-13.8190
Argentina,2023-03-01,78.0000,105.2521,-13.2774
Argentina,2023-04-01,91.0000,109.8857,-8.9981
Argentina,2023-05-01,97.0000,116.2586,-8.9053
Argentina,2023-06-01,97.0000,116.9726,-9.2051
Argentina,2023-07-01,97.0000,114.5881,-8.1962
Argentina,2023-08-01,118.0000,125.2403,-3.2145
Argentina,2023-09-01,118.0000,138.2910,-8.5152
Argentina,2023-10-01,133.0000,142.9038,-4.0772
Argentina,2023-11-01,133.0000,161.1936,-10.7941
Argentina,2023-12-01,100.0000,210.1419,-35.5134
Argentina,2024-01-01,100.0000,249.9233,-42.8446
Argentina,2024-02-01,100.0000,277.0866,-46.9618
Argentina,2024-03-01,80.0000,289.9024,-53.8346
Argentina,2024-04-01,60.0000,292.2054,-59.2050
Argentina,2024-05-01,40.0000,278.9371,-63.0546
Argentina,2024-06-01,40.0000,273.6791,-62.5347
Argentina,2024-07-01,40.0000,266.1127,-61.7604
Argentina,2024-08-01,40.0000,239.6244,-58.7780
Argentina,2024-09-01,40.0000,214.0053,-55.4148
Argentina,2024-10-01,40.0000,197.2589,-52.9030
Argentina,2024-11-01,35.0000,170.1300,-50.0241
Argentina,2024-12-01,32.0000,122.1455,-40.5795
Argentina,2025-01-01,29.0000,89.5750,-31.9531
Argentina,2025-02-01,29.0000,68.5702,-23.4740
Argentina,2025-03-01,29.0000,57.0361,-17.8533
Argentina,2025-04-01,29.0000,47.7350,-12.6815
Argentina,2025-05-01,29.0000,43.7694,-10.2730
Argentina,2025-06-01,29.0000,40.5604,-8.2245
Argentina,2025-07-01,,37.6296,
Argentina,2025-08-01,,34.6345,
Argentina,2025-09-01,,32.5285,
Argentina,2025-10-01,,31.9824,
Argentina,2025-11-01,,31.8288,
Argentina,2025-12-01,,31.7355,
Argentina,2026-01-01,,32.6979,
Argentina,2026-02-01,,33.1925,
Argentina,2026-03-01,,32.6237,
Argentina,2026-04-01,,32.6330,
Argentina,2026-05-01,,33.6456,
Argentina,2026-06-01,,33.4386,
Argentina,2026-07-01,,33.9618,
Argentina,2026-08-01,,33.6571,
Austrália,2000-01-01,5.0000,2.8037,2.1364
Austrália,2000-02-01,5.5000,2.8037,2.6228
Austrália,2000-03-01,5.5000,2.8037,2.6228
Austrália,2000-04-01,5.7500,3.1296,2.5409
Austrália,2000-05-01,6.0000,3.1296,2.7833
Austrália,2000-06-01,6.0000,3.1296,2.7833
Austrália,2000-07-01,6.0000,6.0143,-0.0135
Austrália,2000-08-01,6.2500,6.0143,0.2223
Austrália,2000-09-01,6.2500,6.0143,0.2223
Austrália,2000-10-01,6.2500,5.8162,0.4100
Austrália,2000-11-01,6.2500,5.8162,0.4100
Austrália,2000-12-01,6.2500,5.8162,0.4100
Austrália,2001-01-01,6.2500,5.9918,0.2436
Austrália,2001-02-01,5.7500,5.9918,-0.2281
Austrália,2001-03-01,5.5000,5.9918,-0.4640
Austrália,2001-04-01,5.0000,6.0692,-1.0080
Austrália,2001-05-01,5.0000,6.0692,-1.0080
Austrália,2001-06-01,5.0000,6.0692,-1.0080
Austrália,2001-07-01,5.0000,2.5301,2.4090
Austrália,2001-08-01,5.0000,2.5301,2.4090
Austrália,2001-09-01,4.7500,2.5301,2.1651
Austrália,2001-10-01,4.5000,3.1324,1.3261
Austrália,2001-11-01,4.5000,3.1324,1.3261
Austrália,2001-12-01,4.2500,3.1324,1.0837
Austrália,2002-01-01,4.2500,2.9629,1.2500
Austrália,2002-02-01,4.2500,2.9629,1.2500
Austrália,2002-03-01,4.2500,2.9629,1.2500
Austrália,2002-04-01,4.2500,2.8418,1.3693
Austrália,2002-05-01,4.5000,2.8418,1.6124
Austrália,2002-06-01,4.7500,2.8418,1.8555
Austrália,2002-07-01,4.7500,3.2581,1.4448
Austrália,2002-08-01,4.7500,3.2581,1.4448
Austrália,2002-09-01,4.7500,3.2581,1.4448
Austrália,2002-10-01,4.7500,2.9990,1.7000
Austrália,2002-11-01,4.7500,2.9990,1.7000
Austrália,2002-12-01,4.7500,2.9990,1.7000
Austrália,2003-01-01,4.7500,3.4078,1.2980
Austrália,2003-02-01,4.7500,3.4078,1.2980
Austrália,2003-03-01,4.7500,3.4078,1.2980
Austrália,2003-04-01,4.7500,2.6691,2.0268
Austrália,2003-05-01,4.7500,2.6691,2.0268
Austrália,2003-06-01,4.7500,2.6691,2.0268
Austrália,2003-07-01,4.7500,2.5580,2.1374
Austrália,2003-08-01,4.7500,2.5580,2.1374
Austrália,2003-09-01,4.7500,2.5580,2.1374
Austrália,2003-10-01,4.7500,2.4109,2.2840
Austrália,2003-11-01,5.0000,2.4109,2.5281
Austrália,2003-12-01,5.2500,2.4109,2.7722
Austrália,2004-01-01,5.2500,1.9956,3.1907
Austrália,2004-02-01,5.2500,1.9956,3.1907
Austrália,2004-03-01,5.2500,1.9956,3.1907
Austrália,2004-04-01,5.2500,2.4717,2.7113
Austrália,2004-05-01,5.2500,2.4717,2.7113
Austrália,2004-06-01,5.2500,2.4717,2.7113
Austrália,2004-07-01,5.2500,2.3120,2.8716
Austrália,2004-08-01,5.2500,2.3120,2.8716
Austrália,2004-09-01,5.2500,2.3120,2.8716
Austrália,2004-10-01,5.2500,2.5535,2.6294
Austrália,2004-11-01,5.2500,2.5535,2.6294
Austrália,2004-12-01,5.2500,2.5535,2.6294
Austrália,2005-01-01,5.2500,2.3335,2.8500
Austrália,2005-02-01,5.2500,2.3335,2.8500
Austrália,2005-03-01,5.5000,2.3335,3.0943
Austrália,2005-04-01,5.5000,2.4656,2.9614
Austrália,2005-05-01,5.5000,2.4656,2.9614
Austrália,2005-06-01,5.5000,2.4656,2.9614
Austrália,2005-07-01,5.5000,3.0605,2.3671
Austrália,2005-08-01,5.5000,3.0605,2.3671
Austrália,2005-09-01,5.5000,3.0605,2.3671
Austrália,2005-10-01,5.5000,2.8077,2.6188
Austrália,2005-11-01,5.5000,2.8077,2.6188
Austrália,2005-12-01,5.5000,2.8077,2.6188
Austrália,2006-01-01,5.5000,2.9995,2.4277
Austrália,2006-02-01,5.5000,2.9995,2.4277
Austrália,2006-03-01,5.5000,2.9995,2.4277
Austrália,2006-04-01,5.5000,4.0104,1.4321
Austrália,2006-05-01,5.7500,4.0104,1.6725
Austrália,2006-06-01,5.7500,4.0104,1.6725
Austrália,2006-07-01,5.7500,3.9020,1.7786
Austrália,2006-08-01,6.0000,3.9020,2.0192
Austrália,2006-09-01,6.0000,3.9020,2.0192
Austrália,2006-10-01,6.0000,3.2463,2.6671
Austrália,2006-11-01,6.2500,3.2463,2.9092
Austrália,2006-12-01,6.2500,3.2463,2.9092
Austrália,2007-01-01,6.2500,2.4524,3.7067
Austrália,2007-02-01,6.2500,2.4524,3.7067
Austrália,2007-03-01,6.2500,2.4524,3.7067
Austrália,2007-04-01,6.2500,2.0956,4.0691
Austrália,2007-05-01,6.2500,2.0956,4.0691
Austrália,2007-06-01,6.2500,2.0956,4.0691
Austrália,2007-07-01,6.2500,1.8942,4.2748
Austrália,2007-08-01,6.5000,1.8942,4.5201
Austrália,2007-09-01,6.5000,1.8942,4.5201
Austrália,2007-10-01,6.5000,2.9612,3.4370
Austrália,2007-11-01,6.7500,2.9612,3.6798
Austrália,2007-12-01,6.7500,2.9612,3.6798
Austrália,2008-01-01,6.7500,4.2553,2.3929
Austrália,2008-02-01,6.9999,4.2553,2.6326
Austrália,2008-03-01,7.2498,4.2553,2.8723
Austrália,2008-04-01,7.2500,4.4828,2.6485
Austrália,2008-05-01,7.2500,4.4828,2.6485
Austrália,2008-06-01,7.2500,4.4828,2.6485
Austrália,2008-07-01,7.2500,4.9740,2.1682
Austrália,2008-08-01,7.2500,4.9740,2.1682
Austrália,2008-09-01,7.0000,4.9740,1.9300
Austrália,2008-10-01,6.0000,3.6678,2.2497
Austrália,2008-11-01,5.2500,3.6678,1.5263
Austrália,2008-12-01,4.2500,3.6678,0.5616
Austrália,2009-01-01,4.2500,2.4075,1.7992
Austrália,2009-02-01,3.2500,2.4075,0.8227
Austrália,2009-03-01,3.2500,2.4075,0.8227
Austrália,2009-04-01,3.0000,1.4459,1.5320
Austrália,2009-05-01,3.0000,1.4459,1.5320
Austrália,2009-06-01,3.0000,1.4459,1.5320
Austrália,2009-07-01,3.0000,1.2273,1.7512
Austrália,2009-08-01,3.0000,1.2273,1.7512
Austrália,2009-09-01,3.0000,1.2273,1.7512
Austrália,2009-10-01,3.2500,2.1042,1.1222
Austrália,2009-11-01,3.5000,2.1042,1.3671
Austrália,2009-12-01,3.7500,2.1042,1.6119
Austrália,2010-01-01,3.7500,2.9426,0.7844
Austrália,2010-02-01,3.7500,2.9426,0.7844
Austrália,2010-03-01,4.0000,2.9426,1.0272
Austrália,2010-04-01,4.2500,3.0518,1.1627
Austrália,2010-05-01,4.5000,3.0518,1.4053
Austrália,2010-06-01,4.5000,3.0518,1.4053
Austrália,2010-07-01,4.5000,2.8238,1.6301
Austrália,2010-08-01,4.5000,2.8238,1.6301
Austrália,2010-09-01,4.5000,2.8238,1.6301
Austrália,2010-10-01,4.5000,2.6713,1.7811
Austrália,2010-11-01,4.7500,2.6713,2.0246
Austrália,2010-12-01,4.7500,2.6713,2.0246
Austrália,2011-01-01,4.7500,3.2970,1.4066
Austrália,2011-02-01,4.7500,3.2970,1.4066
Austrália,2011-03-01,4.7500,3.2970,1.4066
Austrália,2011-04-01,4.7500,3.6231,1.0875
Austrália,2011-05-01,4.7500,3.6231,1.0875
Austrália,2011-06-01,4.7500,3.6231,1.0875
Austrália,2011-07-01,4.7500,3.4925,1.2151
Austrália,2011-08-01,4.7500,3.4925,1.2151
Austrália,2011-09-01,4.7500,3.4925,1.2151
Austrália,2011-10-01,4.7500,3.0924,1.6079
Austrália,2011-11-01,4.5000,3.0924,1.3654
Austrália,2011-12-01,4.2500,3.0924,1.1229
Austrália,2012-01-01,4.2500,1.5813,2.6272
Austrália,2012-02-01,4.2500,1.5813,2.6272
Austrália,2012-03-01,4.2500,1.5813,2.6272
Austrália,2012-04-01,4.2500,1.1751,3.0392
Austrália,2012-05-01,3.7500,1.1751,2.5450
Austrália,2012-06-01,3.5000,1.1751,2.2979
Austrália,2012-07-01,3.5000,1.9470,1.5234
Austrália,2012-08-01,3.5000,1.9470,1.5234
Austrália,2012-09-01,3.5000,1.9470,1.5234
Austrália,2012-10-01,3.2500,2.2065,1.0210
Austrália,2012-11-01,3.2500,2.2065,1.0210
Austrália,2012-12-01,3.0000,2.2065,0.7764
Austrália,2013-01-01,3.0000,2.4935,0.4942
Austrália,2013-02-01,3.0000,2.4935,0.4942
Austrália,2013-03-01,3.0000,2.4935,0.4942
Austrália,2013-04-01,3.0000,2.3516,0.6335
Austrália,2013-05-01,2.7500,2.3516,0.3893
Austrália,2013-06-01,2.7500,2.3516,0.3893
Austrália,2013-07-01,2.7500,2.2068,0.5315
Austrália,2013-08-01,2.5000,2.2068,0.2869
Austrália,2013-09-01,2.5000,2.2068,0.2869
Austrália,2013-10-01,2.5000,2.6810,-0.1763
Austrália,2013-11-01,2.5000,2.6810,-0.1763
Austrália,2013-12-01,2.5000,2.6810,-0.1763
Austrália,2014-01-01,2.5000,2.9391,-0.4266
Austrália,2014-02-01,2.5000,2.9391,-0.4266
Austrália,2014-03-01,2.5000,2.9391,-0.4266
Austrália,2014-04-01,2.5000,3.0680,-0.5511
Austrália,2014-05-01,2.5000,3.0680,-0.5511
Austrália,2014-06-01,2.5000,3.0680,-0.5511
Austrália,2014-07-01,2.5000,2.2560,0.2386
Austrália,2014-08-01,2.5000,2.2560,0.2386
Austrália,2014-09-01,2.5000,2.2560,0.2386
Austrália,2014-10-01,2.5000,1.7178,0.7690
Austrália,2014-11-01,2.5000,1.7178,0.7690
Austrália,2014-12-01,2.5000,1.7178,0.7690
Austrália,2015-01-01,2.5000,1.3115,1.1731
Austrália,2015-02-01,2.2500,1.3115,0.9264
Austrália,2015-03-01,2.2500,1.3115,0.9264
Austrália,2015-04-01,2.2500,1.5224,0.7167
Austrália,2015-05-01,2.0000,1.5224,0.4705
Austrália,2015-06-01,2.0000,1.5224,0.4705
Austrália,2015-07-01,2.0000,1.4889,0.5036
Austrália,2015-08-01,2.0000,1.4889,0.5036
Austrália,2015-09-01,2.0000,1.4889,0.5036
Austrália,2015-10-01,2.0000,1.6887,0.3062
Austrália,2015-11-01,2.0000,1.6887,0.3062
Austrália,2015-12-01,2.0000,1.6887,0.3062
Austrália,2016-01-01,2.0000,1.2944,0.6966
Austrália,2016-02-01,2.0000,1.2944,0.6966
Austrália,2016-03-01,2.0000,1.2944,0.6966
Austrália,2016-04-01,2.0000,1.0175,0.9726
Austrália,2016-05-01,1.7500,1.0175,0.7251
Austrália,2016-06-01,1.7500,1.0175,0.7251
Austrália,2016-07-01,1.7500,1.3336,0.4109
Austrália,2016-08-01,1.5000,1.3336,0.1642
Austrália,2016-09-01,1.5000,1.3336,0.1642
Austrália,2016-10-01,1.5000,1.4747,0.0249
Austrália,2016-11-01,1.5000,1.4747,0.0249
Austrália,2016-12-01,1.5000,1.4747,0.0249
Austrália,2017-01-01,1.5000,2.1433,-0.6298
Austrália,2017-02-01,1.5000,2.1433,-0.6298
Austrália,2017-03-01,1.5000,2.1433,-0.6298
Austrália,2017-04-01,1.5000,1.8953,-0.3879
Austrália,2017-05-01,1.5000,1.8953,-0.3879
Austrália,2017-06-01,1.5000,1.8953,-0.3879
Austrália,2017-07-01,1.5000,1.8032,-0.2978
Austrália,2017-08-01,1.5000,1.8032,-0.2978
Austrália,2017-09-01,1.5000,1.8032,-0.2978
Austrália,2017-10-01,1.5000,1.9507,-0.4421
Austrália,2017-11-01,1.5000,1.9507,-0.4421
Austrália,2017-12-01,1.5000,1.9507,-0.4421
Austrália,2018-01-01,1.5000,1.9288,-0.4207
Austrália,2018-02-01,1.5000,1.9288,-0.4207
Austrália,2018-03-01,1.5000,1.9288,-0.4207
Austrália,2018-04-01,1.5000,2.0943,-0.5821
Austrália,2018-05-01,1.5000,2.0943,-0.5821
Austrália,2018-06-01,1.5000,2.0943,-0.5821
Austrália,2018-07-01,1.5000,1.9134,-0.4056
Austrália,2018-08-01,1.5000,1.9134,-0.4056
Austrália,2018-09-01,1.5000,1.9134,-0.4056
Austrália,2018-10-01,1.5000,1.7594,-0.2549
Austrália,2018-11-01,1.5000,1.7594,-0.2549
Austrália,2018-12-01,1.5000,1.7594,-0.2549
Austrália,2019-01-01,1.5000,1.3042,0.1933
Austrália,2019-02-01,1.5000,1.3042,0.1933
Austrália,2019-03-01,1.5000,1.3042,0.1933
Austrália,2019-04-01,1.5000,1.5415,-0.0409
Austrália,2019-05-01,1.5000,1.5415,-0.0409
Austrália,2019-06-01,1.2500,1.5415,-0.2871
Austrália,2019-07-01,1.0000,1.6745,-0.6634
Austrália,2019-08-01,1.0000,1.6745,-0.6634
Austrália,2019-09-01,1.0000,1.6745,-0.6634
Austrália,2019-10-01,0.7500,1.8425,-1.0727
Austrália,2019-11-01,0.7500,1.8425,-1.0727
Austrália,2019-12-01,0.7500,1.8425,-1.0727
Austrália,2020-01-01,0.7500,2.2340,-1.4516
Austrália,2020-02-01,0.7500,2.2340,-1.4516
Austrália,2020-03-01,0.2500,2.2340,-1.9407
Austrália,2020-04-01,0.2500,-0.3262,0.5781
Austrália,2020-05-01,0.2500,-0.3262,0.5781
Austrália,2020-06-01,0.2500,-0.3262,0.5781
Austrália,2020-07-01,0.2500,0.6487,-0.3962
Austrália,2020-08-01,0.2500,0.6487,-0.3962
Austrália,2020-09-01,0.2500,0.6487,-0.3962
Austrália,2020-10-01,0.2500,0.8674,-0.6121
Austrália,2020-11-01,0.1000,0.8674,-0.7608
Austrália,2020-12-01,0.1000,0.8674,-0.7608
Austrália,2021-01-01,0.1000,1.0741,-0.9637
Austrália,2021-02-01,0.1000,1.0741,-0.9637
Austrália,2021-03-01,0.1000,1.0741,-0.9637
Austrália,2021-04-01,0.1000,3.8142,-3.5778
Austrália,2021-05-01,0.1000,3.8142,-3.5778
Austrália,2021-06-01,0.1000,3.8142,-3.5778
Austrália,2021-07-01,0.1000,3.0990,-2.9089
Austrália,2021-08-01,0.1000,3.0990,-2.9089
Austrália,2021-09-01,0.1000,3.0990,-2.9089
Austrália,2021-10-01,0.1000,3.4767,-3.2632
Austrália,2021-11-01,0.1000,3.4767,-3.2632
Austrália,2021-12-01,0.1000,3.4767,-3.2632
Austrália,2022-01-01,0.1000,5.1056,-4.7625
Austrália,2022-02-01,0.1000,5.1056,-4.7625
Austrália,2022-03-01,0.1000,5.1056,-4.7625
Austrália,2022-04-01,0.1000,6.2083,-5.7513
Austrália,2022-05-01,0.3500,6.2083,-5.5159
Austrália,2022-06-01,0.8500,6.2083,-5.0451
Austrália,2022-07-01,1.3500,7.2502,-5.5013
Austrália,2022-08-01,1.8500,7.2502,-5.0351
Austrália,2022-09-01,2.3500,7.2502,-4.5689
Austrália,2022-10-01,2.6000,7.8594,-4.8762
Austrália,2022-11-01,2.8500,7.8594,-4.6444
Austrália,2022-12-01,3.1000,7.8594,-4.4126
Austrália,2023-01-01,3.1000,7.0075,-3.6517
Austrália,2023-02-01,3.3500,7.0075,-3.4180
Austrália,2023-03-01,3.6000,7.0075,-3.1844
Austrália,2023-04-01,3.6000,6.0281,-2.2900
Austrália,2023-05-01,3.8500,6.0281,-2.0543
Austrália,2023-06-01,4.1000,6.0281,-1.8185
Austrália,2023-07-01,4.1000,5.3139,-1.1527
Austrália,2023-08-01,4.1000,5.3139,-1.1527
Austrália,2023-09-01,4.1000,5.3139,-1.1527
Austrália,2023-10-01,4.1000,4.0507,0.0474
Austrália,2023-11-01,4.3500,4.0507,0.2877
Austrália,2023-12-01,4.3500,4.0507,0.2877
Austrália,2024-01-01,4.3500,3.6164,0.7080
Austrália,2024-02-01,4.3500,3.6164,0.7080
Austrália,2024-03-01,4.3500,3.6164,0.7080
Austrália,2024-04-01,4.3500,3.8118,0.5185
Austrália,2024-05-01,4.3500,3.8118,0.5185
Austrália,2024-06-01,4.3500,3.8118,0.5185
Austrália,2024-07-01,4.3500,2.8529,1.4556
Austrália,2024-08-01,4.3500,2.8529,1.4556
Austrália,2024-09-01,4.3500,2.8529,1.4556
Austrália,2024-10-01,4.3500,2.4119,1.8925
Austrália,2024-11-01,4.3500,2.4119,1.8925
Austrália,2024-12-01,4.3500,2.4119,1.8925
Austrália,2025-01-01,4.3500,2.4001,1.9042
Austrália,2025-02-01,4.1000,2.4001,1.6600
Austrália,2025-03-01,4.1000,2.4001,1.6600
Austrália,2025-04-01,4.1000,2.0952,1.9636
Austrália,2025-05-01,3.8500,2.0952,1.7187
Austrália,2025-06-01,3.8500,2.0952,1.7187
Austrália,2025-07-01,3.8500,3.2188,0.6116
Austrália,2025-08-01,3.6000,3.2188,0.3693
Austrália,2025-09-01,3.6000,3.2188,0.3693
Austrália,2025-10-01,3.6000,3.6257,-0.0248
Austrália,2025-11-01,3.6000,3.6257,-0.0248
Austrália,2025-12-01,3.6000,3.6257,-0.0248
Austrália,2026-01-01,3.6000,4.0942,-0.4748
Austrália,2026-02-01,3.8500,4.0942,-0.2346
Austrália,2026-03-01,4.1000,4.0942,0.0056
Austrália,2026-04-01,4.1000,3.9418,0.1522
Austrália,2026-05-01,4.3500,3.9418,0.3927
Austrália,2026-06-01,4.3500,3.9418,0.3927
Austrália,2026-07-01,4.3500,,
Austrália,2026-08-01,4.3500,,
Brasil,2000-01-01,19.0000,8.8534,9.3214
Brasil,2000-02-01,19.0000,7.8623,10.3258
Brasil,2000-03-01,18.5000,6.9235,10.8269
Brasil,2000-04-01,18.5000,6.7746,10.9814
Brasil,2000-05-01,18.5000,6.4659,11.3032
Brasil,2000-06-01,17.5000,6.5084,10.3199
Brasil,2000-07-01,16.5000,7.0563,8.8213
Brasil,2000-08-01,16.5000,7.8547,8.0157
Brasil,2000-09-01,16.5000,7.7687,8.1019
Brasil,2000-10-01,16.5000,6.6504,9.2354
Brasil,2000-11-01,16.5000,5.9849,9.9213
Brasil,2000-12-01,15.7500,5.9743,9.2246
Brasil,2001-01-01,15.2500,5.9217,8.8068
Brasil,2001-02-01,15.2500,6.2708,8.4494
Brasil,2001-03-01,15.7500,6.4404,8.7463
Brasil,2001-04-01,16.2500,6.6100,9.0423
Brasil,2001-05-01,16.7500,7.0364,9.0750
Brasil,2001-06-01,18.2500,7.3461,10.1577
Brasil,2001-07-01,19.0000,7.0503,11.1627
Brasil,2001-08-01,19.0000,6.4057,11.8361
Brasil,2001-09-01,19.0000,6.4588,11.7803
Brasil,2001-10-01,19.0000,7.1924,11.0154
Brasil,2001-11-01,19.0000,7.6091,10.5855
Brasil,2001-12-01,19.0000,7.6733,10.5195
Brasil,2002-01-01,19.0000,7.6197,10.5745
Brasil,2002-02-01,18.7500,7.5126,10.4522
Brasil,2002-03-01,18.5000,7.7482,9.9786
Brasil,2002-04-01,18.5000,7.9839,9.7386
Brasil,2002-05-01,18.5000,7.7688,9.9576
Brasil,2002-06-01,18.5000,7.6616,10.0671
Brasil,2002-07-01,18.0000,7.5129,9.7543
Brasil,2002-08-01,18.0000,7.4595,9.8088
Brasil,2002-09-01,18.0000,7.9310,9.3291
Brasil,2002-10-01,21.0000,8.4448,11.5775
Brasil,2002-11-01,22.0000,10.9322,9.9771
Brasil,2002-12-01,25.0000,12.5303,11.0812
Brasil,2003-01-01,25.5000,14.4670,9.6385
Brasil,2003-02-01,26.5000,15.8471,9.1956
Brasil,2003-03-01,26.5000,16.5726,8.5161
Brasil,2003-04-01,26.5000,16.7692,8.3334
Brasil,2003-05-01,26.5000,17.2353,7.9026
Brasil,2003-06-01,26.0000,16.5699,8.0897
Brasil,2003-07-01,24.5000,15.4294,7.8581
Brasil,2003-08-01,22.0000,15.0739,6.0189
Brasil,2003-09-01,20.0000,15.1424,4.2188
Brasil,2003-10-01,19.0000,13.9832,4.4014
Brasil,2003-11-01,17.5000,11.0180,5.8387
Brasil,2003-12-01,16.5000,9.2999,6.5874
Brasil,2004-01-01,16.5000,7.7072,8.1636
Brasil,2004-02-01,16.5000,6.6892,9.1957
Brasil,2004-03-01,16.2500,5.8882,9.7856
Brasil,2004-04-01,16.0000,5.2590,10.2044
Brasil,2004-05-01,16.0000,5.1544,10.3140
Brasil,2004-06-01,16.0000,6.0601,9.3720
Brasil,2004-07-01,16.0000,6.8116,8.6024
Brasil,2004-08-01,16.0000,7.1842,8.2249
Brasil,2004-09-01,16.2500,6.7056,8.9446
Brasil,2004-10-01,16.7500,6.8652,9.2498
Brasil,2004-11-01,17.2500,7.2379,9.3363
Brasil,2004-12-01,17.7500,7.6006,9.4324
Brasil,2005-01-01,18.2500,7.4084,10.0938
Brasil,2005-02-01,18.7500,7.3871,10.5813
Brasil,2005-03-01,19.2500,7.5367,10.8924
Brasil,2005-04-01,19.5000,8.0724,10.5740
Brasil,2005-05-01,19.7500,8.0509,10.8274
Brasil,2005-06-01,19.7500,7.2677,11.6366
Brasil,2005-07-01,19.7500,6.5661,12.3716
Brasil,2005-08-01,19.7500,6.0158,12.9549
Brasil,2005-09-01,19.5000,6.0369,12.6966
Brasil,2005-10-01,19.0000,6.3642,11.8798
Brasil,2005-11-01,18.5000,6.2163,11.5648
Brasil,2005-12-01,18.0000,5.6897,11.6476
Brasil,2006-01-01,17.2500,5.7002,10.9269
Brasil,2006-02-01,17.2500,5.5111,11.1258
Brasil,2006-03-01,16.5000,5.3223,10.6128
Brasil,2006-04-01,15.7500,4.6332,10.6245
Brasil,2006-05-01,15.7500,4.2271,11.0556
Brasil,2006-06-01,15.2500,4.0290,10.7864
Brasil,2006-07-01,14.7500,3.9668,10.3718
Brasil,2006-08-01,14.2500,3.8422,10.0227
Brasil,2006-09-01,14.2500,3.6974,10.1764
Brasil,2006-10-01,13.7500,3.2651,10.1534
Brasil,2006-11-01,13.2500,3.0186,9.9316
Brasil,2006-12-01,13.2500,3.1418,9.8003
Brasil,2007-01-01,13.0000,2.9880,9.7216
Brasil,2007-02-01,13.0000,3.0187,9.6888
Brasil,2007-03-01,12.7500,2.9572,9.5115
Brasil,2007-04-01,12.5000,2.9983,9.2251
Brasil,2007-05-01,12.5000,3.1835,9.0291
Brasil,2007-06-01,12.0000,3.6902,8.0141
Brasil,2007-07-01,11.5000,3.7419,7.4783
Brasil,2007-08-01,11.5000,4.1774,7.0290
Brasil,2007-09-01,11.2500,4.1462,6.8210
Brasil,2007-10-01,11.2500,4.1151,6.8529
Brasil,2007-11-01,11.2500,4.1877,6.7784
Brasil,2007-12-01,11.2500,4.4573,6.5028
Brasil,2008-01-01,11.2500,4.5613,6.3969
Brasil,2008-02-01,11.2500,4.6134,6.3439
Brasil,2008-03-01,11.2500,4.7280,6.2275
Brasil,2008-04-01,11.7500,5.0414,6.3866
Brasil,2008-05-01,11.7500,5.5756,5.8483
Brasil,2008-06-01,12.2500,6.0599,5.8364
Brasil,2008-07-01,13.0000,6.3668,6.2362
Brasil,2008-08-01,13.0000,6.1656,6.4375
Brasil,2008-09-01,13.7500,6.2504,7.0584
Brasil,2008-10-01,13.7500,6.4093,6.8985
Brasil,2008-11-01,13.7500,6.3881,6.9198
Brasil,2008-12-01,13.7500,5.9023,7.4103
Brasil,2009-01-01,12.7500,5.8391,6.5296
Brasil,2009-02-01,12.7500,5.9023,6.4660
Brasil,2009-03-01,11.2500,5.6072,5.3432
Brasil,2009-04-01,10.2500,5.5337,4.4690
Brasil,2009-05-01,10.2500,5.1986,4.8018
Brasil,2009-06-01,9.2500,4.8018,4.2444
Brasil,2009-07-01,8.7500,4.4995,4.0675
Brasil,2009-08-01,8.7500,4.3640,4.2026
Brasil,2009-09-01,8.7500,4.3432,4.2234
Brasil,2009-10-01,8.7500,4.1666,4.4001
Brasil,2009-11-01,8.7500,4.2185,4.3481
Brasil,2009-12-01,8.7500,4.3120,4.2545
Brasil,2010-01-01,8.7500,4.5923,3.9751
Brasil,2010-02-01,8.7500,4.8316,3.7378
Brasil,2010-03-01,8.7500,5.1664,3.4076
Brasil,2010-04-01,9.5000,5.2606,4.0276
Brasil,2010-05-01,9.5000,5.2187,4.0690
Brasil,2010-06-01,10.2500,4.8412,5.1590
Brasil,2010-07-01,10.7500,4.6007,5.8789
Brasil,2010-08-01,10.7500,4.4858,5.9953
Brasil,2010-09-01,10.7500,4.7047,5.7737
Brasil,2010-10-01,10.7500,5.1954,5.2803
Brasil,2010-11-01,10.7500,5.6354,4.8417
Brasil,2010-12-01,10.7500,5.9091,4.5708
Brasil,2011-01-01,11.2500,5.9932,4.9596
Brasil,2011-02-01,11.2500,6.0142,4.9388
Brasil,2011-03-01,11.7500,6.2990,5.1280
Brasil,2011-04-01,12.0000,6.5104,5.1541
Brasil,2011-05-01,12.0000,6.5528,5.1122
Brasil,2011-06-01,12.2500,6.7126,5.1891
Brasil,2011-07-01,12.5000,6.8727,5.2655
Brasil,2011-08-01,12.5000,7.2252,4.9194
Brasil,2011-09-01,12.0000,7.3106,4.3699
Brasil,2011-10-01,11.5000,6.9698,4.2351
Brasil,2011-11-01,11.5000,6.6409,4.5565
Brasil,2011-12-01,11.0000,6.5031,4.2223
Brasil,2012-01-01,10.5000,6.2179,4.0314
Brasil,2012-02-01,10.5000,5.8491,4.3939
Brasil,2012-03-01,9.7500,5.2400,4.2855
Brasil,2012-04-01,9.0000,5.1042,3.7066
Brasil,2012-05-01,8.5000,4.9892,3.3440
Brasil,2012-06-01,8.5000,4.9158,3.4163
Brasil,2012-07-01,8.0000,5.1986,2.6630
Brasil,2012-08-01,7.5000,5.2405,2.1470
Brasil,2012-09-01,7.5000,5.2824,2.1063
Brasil,2012-10-01,7.2500,5.4501,1.7069
Brasil,2012-11-01,7.2500,5.5340,1.6260
Brasil,2012-12-01,7.2500,5.8386,1.3336
Brasil,2013-01-01,7.2500,6.1543,1.0322
Brasil,2013-02-01,7.2500,6.3128,0.8815
Brasil,2013-03-01,7.2500,6.5887,0.6205
Brasil,2013-04-01,7.5000,6.4933,0.9453
Brasil,2013-05-01,8.0000,6.5040,1.4047
Brasil,2013-06-01,8.0000,6.6955,1.2226
Brasil,2013-07-01,8.5000,6.2706,2.0979
Brasil,2013-08-01,9.0000,6.0906,2.7423
Brasil,2013-09-01,9.0000,5.8586,2.9676
Brasil,2013-10-01,9.5000,5.8375,3.4605
Brasil,2013-11-01,10.0000,5.7744,3.9949
Brasil,2013-12-01,10.0000,5.9108,3.8610
Brasil,2014-01-01,10.5000,5.5853,4.6547
Brasil,2014-02-01,10.7500,5.6798,4.7977
Brasil,2014-03-01,10.7500,6.1531,4.3305
Brasil,2014-04-01,11.0000,6.2798,4.4413
Brasil,2014-05-01,11.0000,6.3751,4.3478
Brasil,2014-06-01,11.0000,6.5236,4.2022
Brasil,2014-07-01,11.0000,6.5023,4.2231
Brasil,2014-08-01,11.0000,6.5129,4.2127
Brasil,2014-09-01,11.0000,6.7465,3.9847
Brasil,2014-10-01,11.2500,6.5872,4.3746
Brasil,2014-11-01,11.2500,6.5554,4.4057
Brasil,2014-12-01,11.7500,6.4076,5.0207
Brasil,2015-01-01,12.2500,7.1378,4.7716
Brasil,2015-02-01,12.2500,7.7018,4.2230
Brasil,2015-03-01,12.7500,8.1286,4.2740
Brasil,2015-04-01,13.2500,8.1716,4.6948
Brasil,2015-05-01,13.2500,8.4731,4.4038
Brasil,2015-06-01,13.7500,8.8944,4.4590
Brasil,2015-07-01,14.2500,9.5586,4.2821
Brasil,2015-08-01,14.2500,9.5259,4.3133
Brasil,2015-09-01,14.2500,9.4932,4.3444
Brasil,2015-10-01,14.2500,9.9293,3.9304
Brasil,2015-11-01,14.2500,10.4762,3.4160
Brasil,2015-12-01,14.2500,10.6735,3.2316
Brasil,2016-01-01,14.2500,10.7063,3.2010
Brasil,2016-02-01,14.2500,10.3563,3.5283
Brasil,2016-03-01,14.2500,9.3869,4.4458
Brasil,2016-04-01,14.2500,9.2783,4.5496
Brasil,2016-05-01,14.2500,9.3217,4.5081
Brasil,2016-06-01,14.2500,8.8445,4.9663
Brasil,2016-07-01,14.2500,8.7363,5.0707
Brasil,2016-08-01,14.2500,8.9750,4.8406
Brasil,2016-09-01,14.2500,8.4764,5.3225
Brasil,2016-10-01,14.0000,7.8739,5.6790
Brasil,2016-11-01,14.0000,6.9875,6.5545
Brasil,2016-12-01,13.7500,6.2881,7.0205
Brasil,2017-01-01,13.0000,5.3540,7.2575
Brasil,2017-02-01,12.2500,4.7588,7.1509
Brasil,2017-03-01,12.2500,4.5710,7.3433
Brasil,2017-04-01,11.2500,4.0825,6.8863
Brasil,2017-05-01,11.2500,3.5971,7.3871
Brasil,2017-06-01,10.2500,2.9984,7.0405
Brasil,2017-07-01,9.2500,2.7115,6.3659
Brasil,2017-08-01,9.2500,2.4558,6.6313
Brasil,2017-09-01,8.2500,2.5377,5.5709
Brasil,2017-10-01,7.5000,2.7013,4.6724
Brasil,2017-11-01,7.5000,2.8039,4.5681
Brasil,2017-12-01,7.0000,2.9473,3.9366
Brasil,2018-01-01,7.0000,2.8550,4.0299
Brasil,2018-02-01,6.7500,2.8448,3.7972
Brasil,2018-03-01,6.5000,2.6807,3.7196
Brasil,2018-04-01,6.5000,2.7627,3.6368
Brasil,2018-05-01,6.5000,2.8549,3.5439
Brasil,2018-06-01,6.5000,4.3910,2.0203
Brasil,2018-07-01,6.5000,4.4847,1.9288
Brasil,2018-08-01,6.5000,4.1927,2.2145
Brasil,2018-09-01,6.5000,4.5256,1.8889
Brasil,2018-10-01,6.5000,4.5568,1.8585
Brasil,2018-11-01,6.5000,4.0459,2.3587
Brasil,2018-12-01,6.5000,3.7455,2.6551
Brasil,2019-01-01,6.5000,3.7765,2.6244
Brasil,2019-02-01,6.5000,3.8903,2.5120
Brasil,2019-03-01,6.5000,4.5754,1.8404
Brasil,2019-04-01,6.5000,4.9406,1.4860
Brasil,2019-05-01,6.5000,4.6584,1.7597
Brasil,2019-06-01,6.5000,3.3664,3.0315
Brasil,2019-07-01,6.5000,3.2222,3.1755
Brasil,2019-08-01,6.0000,3.4288,2.4860
Brasil,2019-09-01,5.5000,2.8935,2.5332
Brasil,2019-10-01,5.0000,2.5350,2.4040
Brasil,2019-11-01,5.0000,3.2748,1.6705
Brasil,2019-12-01,4.5000,4.3060,0.1860
Brasil,2020-01-01,4.5000,4.1917,0.2959
Brasil,2020-02-01,4.2500,4.0049,0.2356
Brasil,2020-03-01,3.7500,3.3030,0.4327
Brasil,2020-04-01,3.7500,2.3990,1.3193
Brasil,2020-05-01,3.0000,1.8775,1.1018
Brasil,2020-06-01,2.2500,2.1322,0.1154
Brasil,2020-07-01,2.2500,2.3055,-0.0542
Brasil,2020-08-01,2.0000,2.4383,-0.4279
Brasil,2020-09-01,2.0000,3.1352,-1.1007
Brasil,2020-10-01,2.0000,3.9182,-1.8459
Brasil,2020-11-01,2.0000,4.3111,-2.2156
Brasil,2020-12-01,2.0000,4.5173,-2.4085
Brasil,2021-01-01,2.0000,4.5591,-2.4475
Brasil,2021-02-01,2.0000,5.1953,-3.0375
Brasil,2021-03-01,2.7500,6.0993,-3.1568
Brasil,2021-04-01,2.7500,6.7592,-3.7554
Brasil,2021-05-01,3.5000,8.0559,-4.2162
Brasil,2021-06-01,4.2500,8.3469,-3.7813
Brasil,2021-07-01,4.2500,8.9946,-4.3531
Brasil,2021-08-01,5.2500,9.6797,-4.0387
Brasil,2021-09-01,6.2500,10.2464,-3.6249
Brasil,2021-10-01,7.7500,10.6727,-2.6408
Brasil,2021-11-01,7.7500,10.7385,-2.6987
Brasil,2021-12-01,9.2500,10.0611,-0.7369
Brasil,2022-01-01,9.2500,10.3794,-1.0232
Brasil,2022-02-01,10.7500,10.5436,0.1867
Brasil,2022-03-01,11.7500,11.2993,0.4049
Brasil,2022-04-01,11.7500,12.1315,-0.3402
Brasil,2022-05-01,12.7500,11.7311,0.9119
Brasil,2022-06-01,13.2500,11.8867,1.2184
Brasil,2022-07-01,13.2500,10.0692,2.8898
Brasil,2022-08-01,13.7500,8.7271,4.6198
Brasil,2022-09-01,13.7500,7.1686,6.1412
Brasil,2022-10-01,13.7500,6.4700,6.8376
Brasil,2022-11-01,13.7500,5.9005,7.4122
Brasil,2022-12-01,13.7500,5.7848,7.5296
Brasil,2023-01-01,13.7500,5.7743,7.5403
Brasil,2023-02-01,13.7500,5.5963,7.7216
Brasil,2023-03-01,13.7500,4.6507,8.6949
Brasil,2023-04-01,13.7500,4.1847,9.1811
Brasil,2023-05-01,13.7500,3.9358,9.4425
Brasil,2023-06-01,13.7500,3.1615,10.2640
Brasil,2023-07-01,13.7500,3.9924,9.3829
Brasil,2023-08-01,13.2500,4.6082,8.2611
Brasil,2023-09-01,12.7500,5.1852,7.1919
Brasil,2023-10-01,12.7500,4.8192,7.5661
Brasil,2023-11-01,12.2500,4.6835,7.2279
Brasil,2023-12-01,11.7500,4.6211,6.8140
Brasil,2024-01-01,11.7500,4.5066,6.9310
Brasil,2024-02-01,11.2500,4.4963,6.4631
Brasil,2024-03-01,10.7500,3.9256,6.5666
Brasil,2024-04-01,10.7500,3.6880,6.8108
Brasil,2024-05-01,10.5000,3.9260,6.3257
Brasil,2024-06-01,10.5000,4.2276,6.0180
Brasil,2024-07-01,10.5000,4.4982,5.7434
Brasil,2024-08-01,10.5000,4.2376,6.0078
Brasil,2024-09-01,10.7500,4.4247,6.0572
Brasil,2024-10-01,10.7500,4.7581,5.7197
Brasil,2024-11-01,11.2500,4.8730,6.0807
Brasil,2024-12-01,12.2500,4.8313,7.0768
Brasil,2025-01-01,13.2500,4.5599,8.3111
Brasil,2025-02-01,13.2500,5.0576,7.7980
Brasil,2025-03-01,14.2500,5.4772,8.3173
Brasil,2025-04-01,14.2500,5.5297,8.2633
Brasil,2025-05-01,14.7500,5.3196,8.9540
Brasil,2025-06-01,15.0000,5.3512,9.1587
Brasil,2025-07-01,15.0000,5.2252,9.2894
Brasil,2025-08-01,15.0000,5.1305,9.3879
Brasil,2025-09-01,15.0000,5.1724,9.3443
Brasil,2025-10-01,15.0000,4.6808,9.8578
Brasil,2025-11-01,15.0000,4.4618,10.0881
Brasil,2025-12-01,15.0000,4.2644,10.2965
Brasil,2026-01-01,15.0000,4.4414,10.1096
Brasil,2026-02-01,15.0000,3.8125,10.7766
Brasil,2026-03-01,14.7500,4.1428,10.1852
Brasil,2026-04-01,14.5000,4.3917,9.6830
Brasil,2026-05-01,14.5000,4.7249,9.3341
Brasil,2026-06-01,14.2500,4.6413,9.1825
Brasil,2026-07-01,14.2500,4.4430,9.3898
Brasil,2026-08-01,14.0000,4.2235,9.3804
Canadá,2000-01-01,4.7500,2.1858,2.5094
Canadá,2000-02-01,5.0000,2.7293,2.2104
Canadá,2000-03-01,5.2500,3.0435,2.1414
Canadá,2000-04-01,5.2500,2.1622,3.0225
Canadá,2000-05-01,5.7500,2.3732,3.2985
Canadá,2000-06-01,5.7500,2.7987,2.8709
Canadá,2000-07-01,5.7500,2.9001,2.7696
Canadá,2000-08-01,5.7500,2.5723,3.0980
Canadá,2000-09-01,5.7500,2.6709,2.9990
Canadá,2000-10-01,5.7500,2.7748,2.8949
Canadá,2000-11-01,5.7500,3.2051,2.4658
Canadá,2000-12-01,5.7500,3.2017,2.4692
Canadá,2001-01-01,5.5000,2.9947,2.4325
Canadá,2001-02-01,5.5000,2.8693,2.5573
Canadá,2001-03-01,5.0000,2.4262,2.5129
Canadá,2001-04-01,4.7500,3.4921,1.2155
Canadá,2001-05-01,4.5000,3.8988,0.5786
Canadá,2001-06-01,4.5000,3.3508,1.1120
Canadá,2001-07-01,4.2500,2.7140,1.4954
Canadá,2001-08-01,4.0000,2.8213,1.1463
Canadá,2001-09-01,3.5000,2.6015,0.8758
Canadá,2001-10-01,2.7500,1.8692,0.8647
Canadá,2001-11-01,2.2500,0.6211,1.6188
Canadá,2001-12-01,2.2500,0.7239,1.5151
Canadá,2002-01-01,2.0000,1.3499,0.6414
Canadá,2002-02-01,2.0000,1.4463,0.5458
Canadá,2002-03-01,2.0000,1.8538,0.1436
Canadá,2002-04-01,2.2500,1.7382,0.5030
Canadá,2002-05-01,2.2500,1.1156,1.1219
Canadá,2002-06-01,2.5000,1.2158,1.2688
Canadá,2002-07-01,2.7500,2.1341,0.6030
Canadá,2002-08-01,2.7500,2.5406,0.2042
Canadá,2002-09-01,2.7500,2.3327,0.4078
Canadá,2002-10-01,2.7500,3.1600,-0.3975
Canadá,2002-11-01,2.7500,4.4239,-1.6030
Canadá,2002-12-01,2.7500,3.7988,-1.0104
Canadá,2003-01-01,2.7500,4.5082,-1.6824
Canadá,2003-02-01,2.7500,4.6843,-1.8478
Canadá,2003-03-01,3.0000,4.2467,-1.1959
Canadá,2003-04-01,3.2500,2.9146,0.3259
Canadá,2003-05-01,3.2500,2.8084,0.4295
Canadá,2003-06-01,3.2500,2.6026,0.6310
Canadá,2003-07-01,3.0000,2.0896,0.8918
Canadá,2003-08-01,3.0000,1.9822,0.9981
Canadá,2003-09-01,2.7500,2.1804,0.5575
Canadá,2003-10-01,2.7500,1.5810,1.1508
Canadá,2003-11-01,2.7500,1.5764,1.1554
Canadá,2003-12-01,2.7500,2.0772,0.6592
Canadá,2004-01-01,2.5000,1.2745,1.2101
Canadá,2004-02-01,2.5000,0.6809,1.8068
Canadá,2004-03-01,2.2500,0.7759,1.4627
Canadá,2004-04-01,2.0000,1.6602,0.3343
Canadá,2004-05-01,2.0000,2.4390,-0.4286
Canadá,2004-06-01,2.0000,2.5366,-0.5233
Canadá,2004-07-01,2.0000,2.3392,-0.3314
Canadá,2004-08-01,2.0000,1.8465,0.1508
Canadá,2004-09-01,2.2500,1.8429,0.3998
Canadá,2004-10-01,2.5000,2.3346,0.1616
Canadá,2004-11-01,2.5000,2.4248,0.0734
Canadá,2004-12-01,2.5000,2.1318,0.3605
Canadá,2005-01-01,2.5000,1.9361,0.5532
Canadá,2005-02-01,2.5000,2.1256,0.3666
Canadá,2005-03-01,2.5000,2.3099,0.1858
Canadá,2005-04-01,2.5000,2.4015,0.0962
Canadá,2005-05-01,2.5000,1.6190,0.8669
Canadá,2005-06-01,2.5000,1.7127,0.7741
Canadá,2005-07-01,2.5000,2.0000,0.4902
Canadá,2005-08-01,2.5000,2.5763,-0.0744
Canadá,2005-09-01,2.7500,3.2381,-0.4728
Canadá,2005-10-01,3.0000,2.5665,0.4226
Canadá,2005-11-01,3.0000,1.9886,0.9916
Canadá,2005-12-01,3.2500,2.0873,1.1389
Canadá,2006-01-01,3.5000,2.7540,0.7260
Canadá,2006-02-01,3.5000,2.1760,1.2958
Canadá,2006-03-01,3.7500,2.1637,1.5527
Canadá,2006-04-01,4.0000,2.4390,1.5238
Canadá,2006-05-01,4.2500,2.8116,1.3990
Canadá,2006-06-01,4.2500,2.4322,1.7747
Canadá,2006-07-01,4.2500,2.3343,1.8720
Canadá,2006-08-01,4.2500,2.1395,2.0663
Canadá,2006-09-01,4.2500,0.7380,3.4863
Canadá,2006-10-01,4.2500,1.0195,3.1979
Canadá,2006-11-01,4.2500,1.3928,2.8180
Canadá,2006-12-01,4.2500,1.6729,2.5347
Canadá,2007-01-01,4.2500,1.1091,3.1065
Canadá,2007-02-01,4.2500,2.0370,2.1688
Canadá,2007-03-01,4.2500,2.3020,1.9041
Canadá,2007-04-01,4.2500,2.1978,2.0081
Canadá,2007-05-01,4.2500,2.1878,2.0181
Canadá,2007-06-01,4.2500,2.1918,2.0141
Canadá,2007-07-01,4.5000,2.1898,2.2607
Canadá,2007-08-01,4.5000,1.7304,2.7225
Canadá,2007-09-01,4.5000,2.4725,1.9786
Canadá,2007-10-01,4.5000,2.3853,2.0654
Canadá,2007-11-01,4.5000,2.4725,1.9786
Canadá,2007-12-01,4.2500,2.3766,1.8299
Canadá,2008-01-01,4.0000,2.1938,1.7674
Canadá,2008-02-01,4.0000,1.8149,2.1462
Canadá,2008-03-01,3.5000,1.3501,2.1212
Canadá,2008-04-01,3.0000,1.7025,1.2758
Canadá,2008-05-01,3.0000,2.2302,0.7531
Canadá,2008-06-01,3.0000,3.1278,-0.1239
Canadá,2008-07-01,3.0000,3.3929,-0.3800
Canadá,2008-08-01,3.0000,3.4915,-0.4749
Canadá,2008-09-01,3.0000,3.3959,-0.3829
Canadá,2008-10-01,2.2500,2.5986,-0.3397
Canadá,2008-11-01,2.2500,1.9660,0.2785
Canadá,2008-12-01,1.5000,1.1607,0.3354
Canadá,2009-01-01,1.0000,1.0733,-0.0726
Canadá,2009-02-01,1.0000,1.4260,-0.4200
Canadá,2009-03-01,0.5000,1.2433,-0.7342
Canadá,2009-04-01,0.2500,0.3524,-0.1021
Canadá,2009-05-01,0.2500,0.0873,0.1626
Canadá,2009-06-01,0.2500,-0.2600,0.5113
Canadá,2009-07-01,0.2500,-0.9499,1.2114
Canadá,2009-08-01,0.2500,-0.7785,1.0366
Canadá,2009-09-01,0.2500,-0.8643,1.1240
Canadá,2009-10-01,0.2500,0.0873,0.1625
Canadá,2009-11-01,0.2500,0.9641,-0.7072
Canadá,2009-12-01,0.2500,1.3239,-1.0599
Canadá,2010-01-01,0.2500,1.8584,-1.5791
Canadá,2010-02-01,0.2500,1.5817,-1.3110
Canadá,2010-03-01,0.2500,1.4035,-1.1375
Canadá,2010-04-01,0.2500,1.8437,-1.5649
Canadá,2010-05-01,0.2500,1.3949,-1.1292
Canadá,2010-06-01,0.5000,0.9557,-0.4514
Canadá,2010-07-01,0.7500,1.8309,-1.0614
Canadá,2010-08-01,0.7500,1.7437,-0.9766
Canadá,2010-09-01,1.0000,1.9180,-0.9008
Canadá,2010-10-01,1.0000,2.4433,-1.4089
Canadá,2010-11-01,1.0000,1.9965,-0.9770
Canadá,2010-12-01,1.0000,2.3519,-1.3209
Canadá,2011-01-01,1.0000,2.3458,-1.3149
Canadá,2011-02-01,1.0000,2.1626,-1.1380
Canadá,2011-03-01,1.0000,3.2872,-2.2144
Canadá,2011-04-01,1.0000,3.2759,-2.2037
Canadá,2011-05-01,1.0000,3.6973,-2.6012
Canadá,2011-06-01,1.0000,3.0981,-2.0351
Canadá,2011-07-01,1.0000,2.7397,-1.6933
Canadá,2011-08-01,1.0000,3.0848,-2.0224
Canadá,2011-09-01,1.0000,3.1651,-2.0987
Canadá,2011-10-01,1.0000,2.8961,-1.8427
Canadá,2011-11-01,1.0000,2.8936,-1.8404
Canadá,2011-12-01,1.0000,2.2979,-1.2687
Canadá,2012-01-01,1.0000,2.4618,-1.4267
Canadá,2012-02-01,1.0000,2.6249,-1.5833
Canadá,2012-03-01,1.0000,1.9263,-0.9088
Canadá,2012-04-01,1.0000,2.0033,-0.9836
Canadá,2012-05-01,1.0000,1.2438,-0.2408
Canadá,2012-06-01,1.0000,1.5025,-0.4951
Canadá,2012-07-01,1.0000,1.2500,-0.2469
Canadá,2012-08-01,1.0000,1.2469,-0.2438
Canadá,2012-09-01,1.0000,1.1609,-0.1590
Canadá,2012-10-01,1.0000,1.1589,-0.1571
Canadá,2012-11-01,1.0000,0.8271,0.1715
Canadá,2012-12-01,1.0000,0.8319,0.1667
Canadá,2013-01-01,1.0000,0.4971,0.5004
Canadá,2013-02-01,1.0000,1.2376,-0.2347
Canadá,2013-03-01,1.0000,0.9860,0.0138
Canadá,2013-04-01,1.0000,0.4092,0.5884
Canadá,2013-05-01,1.0000,0.7371,0.2610
Canadá,2013-06-01,1.0000,1.1513,-0.1496
Canadá,2013-07-01,1.0000,1.3169,-0.3128
Canadá,2013-08-01,1.0000,1.0673,-0.0666
Canadá,2013-09-01,1.0000,1.0656,-0.0649
Canadá,2013-10-01,1.0000,0.6547,0.3431
Canadá,2013-11-01,1.0000,0.9024,0.0967
Canadá,2013-12-01,1.0000,1.2376,-0.2347
Canadá,2014-01-01,1.0000,1.4839,-0.4768
Canadá,2014-02-01,1.0000,1.1410,-0.1394
Canadá,2014-03-01,1.0000,1.5460,-0.5377
Canadá,2014-04-01,1.0000,2.0375,-1.0168
Canadá,2014-05-01,1.0000,2.2764,-1.2480
Canadá,2014-06-01,1.0000,2.3577,-1.3264
Canadá,2014-07-01,1.0000,2.1121,-1.0891
Canadá,2014-08-01,1.0000,2.1121,-1.0891
Canadá,2014-09-01,1.0000,2.0276,-1.0072
Canadá,2014-10-01,1.0000,2.3577,-1.3264
Canadá,2014-11-01,1.0000,1.9512,-0.9330
Canadá,2014-12-01,1.0000,1.4670,-0.4602
Canadá,2015-01-01,0.7500,0.9748,-0.2226
Canadá,2015-02-01,0.7500,1.0475,-0.2945
Canadá,2015-03-01,0.7500,1.2019,-0.4466
Canadá,2015-04-01,0.7500,0.7987,-0.0483
Canadá,2015-05-01,0.7500,0.8744,-0.1233
Canadá,2015-06-01,0.7500,1.0326,-0.2797
Canadá,2015-07-01,0.5000,1.2729,-0.7632
Canadá,2015-08-01,0.5000,1.2729,-0.7632
Canadá,2015-09-01,0.5000,1.0334,-0.5279
Canadá,2015-10-01,0.5000,1.0326,-0.5271
Canadá,2015-11-01,0.5000,1.3557,-0.8442
Canadá,2015-12-01,0.5000,1.6064,-1.0889
Canadá,2016-01-01,0.5000,2.0113,-1.4815
Canadá,2016-02-01,0.5000,1.3557,-0.8442
Canadá,2016-03-01,0.5000,1.2668,-0.7572
Canadá,2016-04-01,0.5000,1.6640,-1.1450
Canadá,2016-05-01,0.5000,1.4972,-0.9825
Canadá,2016-06-01,0.5000,1.4937,-0.9791
Canadá,2016-07-01,0.5000,1.2569,-0.7475
Canadá,2016-08-01,0.5000,1.0998,-0.5932
Canadá,2016-09-01,0.5000,1.3375,-0.8265
Canadá,2016-10-01,0.5000,1.4937,-0.9791
Canadá,2016-11-01,0.5000,1.1802,-0.6722
Canadá,2016-12-01,0.5000,1.5020,-0.9871
Canadá,2017-01-01,0.5000,2.1293,-1.5954
Canadá,2017-02-01,0.5000,2.0456,-1.5146
Canadá,2017-03-01,0.5000,1.5637,-1.0473
Canadá,2017-04-01,0.5000,1.6368,-1.1185
Canadá,2017-05-01,0.5000,1.3199,-0.8092
Canadá,2017-06-01,0.5000,1.0070,-0.5019
Canadá,2017-07-01,0.7500,1.1637,-0.4089
Canadá,2017-08-01,0.7500,1.3986,-0.6397
Canadá,2017-09-01,1.0000,1.5528,-0.5443
Canadá,2017-10-01,1.0000,1.3943,-0.3888
Canadá,2017-11-01,1.0000,2.0995,-1.0769
Canadá,2017-12-01,1.0000,1.8692,-0.8532
Canadá,2018-01-01,1.2500,1.6988,-0.4413
Canadá,2018-02-01,1.2500,2.1588,-0.8896
Canadá,2018-03-01,1.2500,2.3095,-1.0356
Canadá,2018-04-01,1.2500,2.2239,-0.9527
Canadá,2018-05-01,1.2500,2.2222,-0.9511
Canadá,2018-06-01,1.2500,2.4540,-1.1751
Canadá,2018-07-01,1.5000,2.9908,-1.4475
Canadá,2018-08-01,1.5000,2.8352,-1.2984
Canadá,2018-09-01,1.5000,2.2171,-0.7016
Canadá,2018-10-01,1.7500,2.4446,-0.6780
Canadá,2018-11-01,1.7500,1.6756,0.0732
Canadá,2018-12-01,1.7500,1.9878,-0.2331
Canadá,2019-01-01,1.7500,1.4427,0.3030
Canadá,2019-02-01,1.7500,1.5094,0.2370
Canadá,2019-03-01,1.7500,1.8811,-0.1287
Canadá,2019-04-01,1.7500,2.0255,-0.2700
Canadá,2019-05-01,1.7500,2.3988,-0.6336
Canadá,2019-06-01,1.7500,2.0210,-0.2656
Canadá,2019-07-01,1.7500,2.0104,-0.2553
Canadá,2019-08-01,1.7500,1.9374,-0.1838
Canadá,2019-09-01,1.7500,1.8699,-0.1177
Canadá,2019-10-01,1.7500,1.8643,-0.1122
Canadá,2019-11-01,1.7500,2.1723,-0.4133
Canadá,2019-12-01,1.7500,2.2489,-0.4879
Canadá,2020-01-01,1.7500,2.3952,-0.6301
Canadá,2020-02-01,1.7500,2.1561,-0.3976
Canadá,2020-03-01,0.2500,0.8863,-0.6307
Canadá,2020-04-01,0.2500,-0.2206,0.4716
Canadá,2020-05-01,0.2500,-0.3660,0.6183
Canadá,2020-06-01,0.2500,0.6603,-0.4076
Canadá,2020-07-01,0.2500,0.1460,0.1039
Canadá,2020-08-01,0.2500,0.1462,0.1036
Canadá,2020-09-01,0.2500,0.5140,-0.2626
Canadá,2020-10-01,0.2500,0.6589,-0.4062
Canadá,2020-11-01,0.2500,0.9531,-0.6964
Canadá,2020-12-01,0.2500,0.7331,-0.4796
Canadá,2021-01-01,0.2500,1.0234,-0.7656
Canadá,2021-02-01,0.2500,1.0917,-0.8326
Canadá,2021-03-01,0.2500,2.1962,-1.9044
Canadá,2021-04-01,0.2500,3.3898,-3.0369
Canadá,2021-05-01,0.2500,3.6003,-3.2339
Canadá,2021-06-01,0.2500,3.0612,-2.7277
Canadá,2021-07-01,0.2500,3.7172,-3.3429
Canadá,2021-08-01,0.2500,4.0876,-3.6869
Canadá,2021-09-01,0.2500,4.3828,-3.9592
Canadá,2021-10-01,0.2500,4.6545,-4.2087
Canadá,2021-11-01,0.2500,4.7204,-4.2689
Canadá,2021-12-01,0.2500,4.8035,-4.3448
Canadá,2022-01-01,0.2500,5.1375,-4.6487
Canadá,2022-02-01,0.2500,5.6875,-5.1449
Canadá,2022-03-01,0.5000,6.6619,-5.7770
Canadá,2022-04-01,1.0000,6.7712,-5.4052
Canadá,2022-05-01,1.0000,7.7305,-6.2475
Canadá,2022-06-01,1.5000,8.1330,-6.1341
Canadá,2022-07-01,2.5000,7.5896,-4.7306
Canadá,2022-08-01,2.5000,7.0126,-4.2169
Canadá,2022-09-01,3.2500,6.8579,-3.3764
Canadá,2022-10-01,3.7500,6.8798,-2.9283
Canadá,2022-11-01,3.7500,6.7961,-2.8523
Canadá,2022-12-01,4.2500,6.3194,-1.9464
Canadá,2023-01-01,4.5000,5.9188,-1.3395
Canadá,2023-02-01,4.5000,5.2452,-0.7081
Canadá,2023-03-01,4.5000,4.2982,0.1935
Canadá,2023-04-01,4.5000,4.4059,0.0902
Canadá,2023-05-01,4.5000,3.3575,1.1054
Canadá,2023-06-01,4.7500,2.8123,1.8847
Canadá,2023-07-01,5.0000,3.2658,1.6793
Canadá,2023-08-01,5.0000,3.9974,0.9641
Canadá,2023-09-01,5.0000,3.7983,1.1577
Canadá,2023-10-01,5.0000,3.1209,1.8222
Canadá,2023-11-01,5.0000,3.1169,1.8262
Canadá,2023-12-01,5.0000,3.3965,1.5509
Canadá,2024-01-01,5.0000,2.8590,2.0815
Canadá,2024-02-01,5.0000,2.7832,2.1568
Canadá,2024-03-01,5.0000,2.8976,2.0432
Canadá,2024-04-01,5.0000,2.6854,2.2540
Canadá,2024-05-01,5.0000,2.8662,2.0743
Canadá,2024-06-01,4.7500,2.6718,2.0242
Canadá,2024-07-01,4.5000,2.5300,1.9213
Canadá,2024-08-01,4.5000,1.9534,2.4978
Canadá,2024-09-01,4.2500,1.6404,2.5675
Canadá,2024-10-01,3.7500,2.0177,1.6981
Canadá,2024-11-01,3.7500,1.8892,1.8263
Canadá,2024-12-01,3.2500,1.8320,1.3925
Canadá,2025-01-01,3.0000,1.8951,1.0843
Canadá,2025-02-01,3.0000,2.6448,0.3460
Canadá,2025-03-01,2.7500,2.3154,0.4248
Canadá,2025-04-01,2.7500,1.7435,0.9893
Canadá,2025-05-01,2.7500,1.7337,0.9989
Canadá,2025-06-01,2.7500,1.8587,0.8750
Canadá,2025-07-01,2.7500,1.7273,1.0053
Canadá,2025-08-01,2.7500,1.8541,0.8796
Canadá,2025-09-01,2.5000,2.3588,0.1380
Canadá,2025-10-01,2.2500,2.1632,0.0850
Canadá,2025-11-01,2.2500,2.2250,0.0245
Canadá,2025-12-01,2.2500,2.3573,-0.1048
Canadá,2026-01-01,2.2500,2.2939,-0.0429
Canadá,2026-02-01,2.2500,1.7791,0.4626
Canadá,2026-03-01,2.2500,2.3853,-0.1322
Canadá,2026-04-01,2.2500,2.8152,-0.5497
Canadá,2026-05-01,2.2500,3.2258,-0.9453
Canadá,2026-06-01,2.2500,2.7981,-0.5331
Canadá,2026-07-01,2.2500,3.0321,-0.7591
Canadá,2026-08-01,2.2500,3.0340,-0.7609
Chile,2000-01-01,5.2500,2.8311,2.3523
Chile,2000-02-01,5.2500,3.3295,1.8586
Chile,2000-03-01,5.5000,3.4243,2.0070
Chile,2000-04-01,5.5000,3.5325,1.9004
Chile,2000-05-01,5.5000,3.6293,1.8052
Chile,2000-06-01,5.5000,3.7222,1.7140
Chile,2000-07-01,5.5000,3.7877,1.6498
Chile,2000-08-01,5.0000,3.8511,1.1063
Chile,2000-09-01,5.0000,4.2466,0.7227
Chile,2000-10-01,5.0000,4.5062,0.4726
Chile,2000-11-01,5.0000,4.6842,0.3017
Chile,2000-12-01,5.0000,4.5260,0.4535
Chile,2001-01-01,4.7500,4.6945,0.0531
Chile,2001-02-01,4.5000,3.7943,0.6799
Chile,2001-03-01,4.0000,3.5348,0.4494
Chile,2001-04-01,3.7500,3.5096,0.2323
Chile,2001-05-01,3.7500,3.7396,0.0100
Chile,2001-06-01,3.5000,3.5599,-0.0578
Chile,2001-07-01,3.5000,3.2229,0.2685
Chile,2001-08-01,6.5000,3.7833,2.6177
Chile,2001-09-01,6.5000,3.9123,2.4903
Chile,2001-10-01,6.5000,3.4279,2.9703
Chile,2001-11-01,6.5000,3.0699,3.3279
Chile,2001-12-01,6.5000,2.6359,3.7649
Chile,2002-01-01,6.0000,2.2086,3.7095
Chile,2002-02-01,5.5000,2.5332,2.8935
Chile,2002-03-01,4.7500,2.5866,2.1089
Chile,2002-04-01,4.7500,2.5004,2.1947
Chile,2002-05-01,4.0000,2.1496,1.8114
Chile,2002-06-01,4.0000,1.9634,1.9974
Chile,2002-07-01,3.2500,2.6136,0.6202
Chile,2002-08-01,3.0000,2.1801,0.8024
Chile,2002-09-01,3.0000,2.2921,0.6920
Chile,2002-10-01,3.0000,3.0433,-0.0421
Chile,2002-11-01,3.0000,2.9615,0.0374
Chile,2002-12-01,3.0000,2.8243,0.1709
Chile,2003-01-01,2.7500,3.0084,-0.2509
Chile,2003-02-01,2.7500,3.8295,-1.0397
Chile,2003-03-01,2.7500,4.4898,-1.6650
Chile,2003-04-01,2.7500,4.0026,-1.2044
Chile,2003-05-01,2.7500,3.5108,-0.7350
Chile,2003-06-01,2.7500,3.6423,-0.8610
Chile,2003-07-01,2.7500,3.0957,-0.3353
Chile,2003-08-01,2.7500,2.8783,-0.1247
Chile,2003-09-01,2.7500,2.2127,0.5257
Chile,2003-10-01,2.7500,1.1720,1.5597
Chile,2003-11-01,2.7500,0.9529,1.7802
Chile,2003-12-01,2.2500,1.0728,1.1647
Chile,2004-01-01,1.7500,0.7886,0.9539
Chile,2004-02-01,1.7500,-0.0088,1.7590
Chile,2004-03-01,1.7500,-0.7471,2.5159
Chile,2004-04-01,1.7500,-0.2867,2.0425
Chile,2004-05-01,1.7500,0.6193,1.1237
Chile,2004-06-01,1.7500,1.0559,0.6868
Chile,2004-07-01,1.7500,1.3786,0.3663
Chile,2004-08-01,1.7500,1.5951,0.1524
Chile,2004-09-01,2.0000,1.4536,0.5386
Chile,2004-10-01,2.0000,1.9082,0.0900
Chile,2004-11-01,2.2500,2.4819,-0.2263
Chile,2004-12-01,2.2500,2.4284,-0.1741
Chile,2005-01-01,2.5000,2.2917,0.2036
Chile,2005-02-01,2.7500,2.1857,0.5522
Chile,2005-03-01,2.7500,2.4048,0.3370
Chile,2005-04-01,3.0000,2.9447,0.0537
Chile,2005-05-01,3.2500,2.6870,0.5483
Chile,2005-06-01,3.2500,2.6667,0.5681
Chile,2005-07-01,3.5000,3.0570,0.4299
Chile,2005-08-01,3.7500,2.9679,0.7595
Chile,2005-09-01,4.0000,3.9343,0.0632
Chile,2005-10-01,4.2500,4.1374,0.1081
Chile,2005-11-01,4.5000,3.6229,0.8464
Chile,2005-12-01,4.5000,3.6636,0.8068
Chile,2006-01-01,4.5000,4.0780,0.4055
Chile,2006-02-01,4.7500,4.0831,0.6407
Chile,2006-03-01,4.7500,4.0316,0.6906
Chile,2006-04-01,5.0000,3.7663,1.1890
Chile,2006-05-01,5.0000,3.7391,1.2154
Chile,2006-06-01,5.0000,3.9167,1.0425
Chile,2006-07-01,5.2500,3.8424,1.3555
Chile,2006-08-01,5.2500,3.8145,1.3828
Chile,2006-09-01,5.2500,2.8127,2.3706
Chile,2006-10-01,5.2500,2.0513,3.1344
Chile,2006-11-01,5.2500,2.1235,3.0615
Chile,2006-12-01,5.2500,2.5677,2.6152
Chile,2007-01-01,5.0000,2.7975,2.1425
Chile,2007-02-01,5.0000,2.7160,2.2237
Chile,2007-03-01,5.0000,2.5529,2.3862
Chile,2007-04-01,5.0000,2.4876,2.4515
Chile,2007-05-01,5.0000,2.8725,2.0681
Chile,2007-06-01,5.0000,3.2283,1.7163
Chile,2007-07-01,5.2500,3.8307,1.3670
Chile,2007-08-01,5.5000,4.6792,0.7841
Chile,2007-09-01,5.7500,5.8490,-0.0935
Chile,2007-10-01,5.7500,6.4514,-0.6588
Chile,2007-11-01,5.7500,7.4366,-1.5699
Chile,2007-12-01,6.0000,7.8231,-1.6909
Chile,2008-01-01,6.2500,7.4551,-1.1215
Chile,2008-02-01,6.2500,8.0708,-1.6848
Chile,2008-03-01,6.2500,8.5084,-2.0813
Chile,2008-04-01,6.2500,8.3011,-1.8939
Chile,2008-05-01,6.2500,8.8750,-2.4110
Chile,2008-06-01,6.7500,9.4741,-2.4884
Chile,2008-07-01,7.2500,9.4762,-2.0335
Chile,2008-08-01,7.7500,9.3052,-1.4228
Chile,2008-09-01,8.2500,9.2325,-0.8994
Chile,2008-10-01,8.2500,9.8531,-1.4593
Chile,2008-11-01,8.2500,8.8874,-0.5854
Chile,2008-12-01,8.2500,7.0928,1.0806
Chile,2009-01-01,7.2500,6.3176,0.8770
Chile,2009-02-01,4.7500,5.5069,-0.7174
Chile,2009-03-01,2.2500,5.0370,-2.6534
Chile,2009-04-01,1.7500,4.4781,-2.6112
Chile,2009-05-01,1.2500,3.0253,-1.7232
Chile,2009-06-01,0.7500,1.8627,-1.0923
Chile,2009-07-01,0.5000,0.2873,0.2120
Chile,2009-08-01,0.5000,-0.9960,1.5110
Chile,2009-09-01,0.5000,-1.0751,1.5922
Chile,2009-10-01,0.5000,-1.9389,2.4871
Chile,2009-11-01,0.5000,-2.2655,2.8296
Chile,2009-12-01,0.5000,-1.3800,1.9063
Chile,2010-01-01,0.5000,-0.1116,0.6123
Chile,2010-02-01,0.5000,0.5305,-0.0303
Chile,2010-03-01,0.5000,0.2323,0.2671
Chile,2010-04-01,0.5000,0.8528,-0.3498
Chile,2010-05-01,0.5000,1.4733,-0.9592
Chile,2010-06-01,1.0000,1.1255,-0.1241
Chile,2010-07-01,1.5000,2.2104,-0.6950
Chile,2010-08-01,2.0000,2.4969,-0.4848
Chile,2010-09-01,2.5000,1.8947,0.5941
Chile,2010-10-01,2.7500,1.9985,0.7367
Chile,2010-11-01,3.0000,2.5424,0.4462
Chile,2010-12-01,3.2500,2.9765,0.2656
Chile,2011-01-01,3.2500,2.7252,0.5109
Chile,2011-02-01,3.5000,2.6657,0.8126
Chile,2011-03-01,4.0000,3.3725,0.6070
Chile,2011-04-01,4.5000,3.2191,1.2409
Chile,2011-05-01,5.0000,3.2590,1.6860
Chile,2011-06-01,5.2500,3.4305,1.7591
Chile,2011-07-01,5.2500,2.9146,2.2693
Chile,2011-08-01,5.2500,3.1559,2.0300
Chile,2011-09-01,5.2500,3.2795,1.9079
Chile,2011-10-01,5.2500,3.6666,1.5274
Chile,2011-11-01,5.2500,3.9186,1.2812
Chile,2011-12-01,5.2500,4.4392,0.7764
Chile,2012-01-01,5.0000,4.2413,0.7278
Chile,2012-02-01,5.0000,4.4175,0.5579
Chile,2012-03-01,5.0000,3.7812,1.1744
Chile,2012-04-01,5.0000,3.5023,1.4470
Chile,2012-05-01,5.0000,3.1229,1.8202
Chile,2012-06-01,5.0000,2.6534,2.2859
Chile,2012-07-01,5.0000,2.5008,2.4382
Chile,2012-08-01,5.0000,2.5798,2.3593
Chile,2012-09-01,5.0000,2.8299,2.1104
Chile,2012-10-01,5.0000,2.9147,2.0263
Chile,2012-11-01,5.0000,2.1384,2.8017
Chile,2012-12-01,5.0000,1.4763,3.4724
Chile,2013-01-01,5.0000,1.5886,3.3581
Chile,2013-02-01,5.0000,1.3079,3.6444
Chile,2013-03-01,5.0000,1.5315,3.4162
Chile,2013-04-01,5.0000,0.9990,3.9614
Chile,2013-05-01,5.0000,0.9504,4.0115
Chile,2013-06-01,5.0000,1.8901,3.0522
Chile,2013-07-01,5.0000,2.1813,2.7585
Chile,2013-08-01,5.0000,2.1925,2.7473
Chile,2013-09-01,5.0000,1.9680,2.9735
Chile,2013-10-01,4.7500,1.5434,3.1579
Chile,2013-11-01,4.5000,2.3813,2.0694
Chile,2013-12-01,4.5000,3.0216,1.4351
Chile,2014-01-01,4.5000,3.0158,1.4408
Chile,2014-02-01,4.2500,3.3950,0.8270
Chile,2014-03-01,4.0000,3.8584,0.1364
Chile,2014-04-01,4.0000,5.0096,-0.9614
Chile,2014-05-01,4.0000,5.3774,-1.3071
Chile,2014-06-01,4.0000,4.7725,-0.7373
Chile,2014-07-01,3.7500,4.7280,-0.9339
Chile,2014-08-01,3.5000,4.8115,-1.2513
Chile,2014-09-01,3.2500,5.1310,-1.7892
Chile,2014-10-01,3.0000,6.0796,-2.9031
Chile,2014-11-01,3.0000,5.6978,-2.5524
Chile,2014-12-01,3.0000,4.6400,-1.5673
Chile,2015-01-01,3.0000,4.5384,-1.4716
Chile,2015-02-01,3.0000,4.3934,-1.3348
Chile,2015-03-01,3.0000,4.1890,-1.1412
Chile,2015-04-01,3.0000,4.1325,-1.0875
Chile,2015-05-01,3.0000,3.9673,-0.9304
Chile,2015-06-01,3.0000,4.4189,-1.3588
Chile,2015-07-01,3.0000,4.6203,-1.5487
Chile,2015-08-01,3.0000,4.9970,-1.9019
Chile,2015-09-01,3.0000,4.6418,-1.5690
Chile,2015-10-01,3.2500,3.9882,-0.7099
Chile,2015-11-01,3.2500,3.9433,-0.6670
Chile,2015-12-01,3.5000,4.3897,-0.8523
Chile,2016-01-01,3.5000,4.7859,-1.2272
Chile,2016-02-01,3.5000,4.7106,-1.1561
Chile,2016-03-01,3.5000,4.4461,-0.9058
Chile,2016-04-01,3.5000,4.2019,-0.6736
Chile,2016-05-01,3.5000,4.2528,-0.7221
Chile,2016-06-01,3.5000,4.2029,-0.6745
Chile,2016-07-01,3.5000,4.0121,-0.4924
Chile,2016-08-01,3.5000,3.3687,0.1270
Chile,2016-09-01,3.5000,3.0951,0.3927
Chile,2016-10-01,3.5000,2.8409,0.6409
Chile,2016-11-01,3.5000,2.9270,0.5567
Chile,2016-12-01,3.5000,2.6992,0.7797
Chile,2017-01-01,3.2500,2.7715,0.4656
Chile,2017-02-01,3.2500,2.7500,0.4867
Chile,2017-03-01,3.0000,2.7536,0.2398
Chile,2017-04-01,2.7500,2.6463,0.1010
Chile,2017-05-01,2.5000,2.5426,-0.0416
Chile,2017-06-01,2.5000,1.6968,0.7898
Chile,2017-07-01,2.5000,1.6928,0.7938
Chile,2017-08-01,2.5000,1.8444,0.6437
Chile,2017-09-01,2.5000,1.4527,1.0323
Chile,2017-10-01,2.5000,1.8785,0.6101
Chile,2017-11-01,2.5000,1.9188,0.5702
Chile,2017-12-01,2.5000,2.2686,0.2262
Chile,2018-01-01,2.5000,2.1877,0.3056
Chile,2018-02-01,2.5000,1.9901,0.4999
Chile,2018-03-01,2.5000,1.8048,0.6829
Chile,2018-04-01,2.5000,1.8961,0.5927
Chile,2018-05-01,2.5000,2.0436,0.4473
Chile,2018-06-01,2.5000,2.5438,-0.0427
Chile,2018-07-01,2.5000,2.6743,-0.1698
Chile,2018-08-01,2.5000,2.6416,-0.1380
Chile,2018-09-01,2.5000,3.1365,-0.6171
Chile,2018-10-01,2.7500,2.9149,-0.1602
Chile,2018-11-01,2.7500,2.8173,-0.0654
Chile,2018-12-01,2.7500,2.5700,0.1755
Chile,2019-01-01,3.0000,2.2082,0.7747
Chile,2019-02-01,3.0000,2.2070,0.7759
Chile,2019-03-01,3.0000,2.4846,0.5029
Chile,2019-04-01,3.0000,2.4230,0.5633
Chile,2019-05-01,3.0000,2.7637,0.2300
Chile,2019-06-01,2.5000,2.7074,-0.2019
Chile,2019-07-01,2.5000,2.5648,-0.0632
Chile,2019-08-01,2.5000,2.5736,-0.0718
Chile,2019-09-01,2.0000,2.2478,-0.2423
Chile,2019-10-01,1.7500,2.7006,-0.9256
Chile,2019-11-01,1.7500,2.7928,-1.0144
Chile,2019-12-01,1.7500,2.9935,-1.2074
Chile,2020-01-01,1.7500,3.4778,-1.6697
Chile,2020-02-01,1.7500,3.8841,-2.0543
Chile,2020-03-01,1.0000,3.7348,-2.6363
Chile,2020-04-01,0.5000,3.4244,-2.8276
Chile,2020-05-01,0.5000,2.7543,-2.1939
Chile,2020-06-01,0.5000,2.6230,-2.0688
Chile,2020-07-01,0.5000,2.5006,-1.9518
Chile,2020-08-01,0.5000,2.4573,-1.9104
Chile,2020-09-01,0.5000,3.0907,-2.5130
Chile,2020-10-01,0.5000,2.9631,-2.3922
Chile,2020-11-01,0.5000,2.7297,-2.1705
Chile,2020-12-01,0.5000,2.9834,-2.4114
Chile,2021-01-01,0.5000,3.1063,-2.5278
Chile,2021-02-01,0.5000,2.8390,-2.2745
Chile,2021-03-01,0.5000,2.8929,-2.3256
Chile,2021-04-01,0.5000,3.3110,-2.7209
Chile,2021-05-01,0.5000,3.6414,-3.0310
Chile,2021-06-01,0.5000,3.8087,-3.1873
Chile,2021-07-01,0.7500,4.5380,-3.6235
Chile,2021-08-01,0.7500,4.7715,-3.8384
Chile,2021-09-01,1.5000,5.3437,-3.6487
Chile,2021-10-01,2.7500,6.0172,-3.0818
Chile,2021-11-01,2.7500,6.6991,-3.7012
Chile,2021-12-01,4.0000,7.1739,-2.9615
Chile,2022-01-01,5.5000,7.7047,-2.0469
Chile,2022-02-01,5.5000,7.8137,-2.1460
Chile,2022-03-01,7.0000,9.4045,-2.1978
Chile,2022-04-01,7.0000,10.5199,-3.1848
Chile,2022-05-01,8.2500,11.5408,-2.9503
Chile,2022-06-01,9.0000,12.4939,-3.1059
Chile,2022-07-01,9.7500,13.1318,-2.9893
Chile,2022-08-01,9.7500,14.0843,-3.7992
Chile,2022-09-01,10.7500,13.7295,-2.6198
Chile,2022-10-01,11.2500,12.8085,-1.3815
Chile,2022-11-01,11.2500,13.3403,-1.8443
Chile,2022-12-01,11.2500,12.7726,-1.3502
Chile,2023-01-01,11.2500,12.3467,-0.9761
Chile,2023-02-01,11.2500,11.9456,-0.6214
Chile,2023-03-01,11.2500,11.0986,0.1362
Chile,2023-04-01,11.2500,9.9059,1.2229
Chile,2023-05-01,11.2500,8.7280,2.3196
Chile,2023-06-01,11.2500,7.5523,3.4381
Chile,2023-07-01,10.2500,6.4664,3.5538
Chile,2023-08-01,10.2500,5.3121,4.6889
Chile,2023-09-01,9.5000,5.1094,4.1772
Chile,2023-10-01,9.0000,5.0417,3.7683
Chile,2023-11-01,9.0000,4.7968,4.0108
Chile,2023-12-01,8.2500,3.9399,4.1467
Chile,2024-01-01,8.2500,3.7959,4.2912
Chile,2024-02-01,7.2500,4.4828,2.6485
Chile,2024-03-01,7.2500,3.7374,3.3861
Chile,2024-04-01,6.5000,3.9678,2.4356
Chile,2024-05-01,6.0000,4.1344,1.7915
Chile,2024-06-01,5.7500,4.1910,1.4963
Chile,2024-07-01,5.7500,4.5979,1.1014
Chile,2024-08-01,5.7500,4.7433,0.9611
Chile,2024-09-01,5.5000,4.1339,1.3119
Chile,2024-10-01,5.2500,4.6807,0.5439
Chile,2024-11-01,5.2500,4.1736,1.0332
Chile,2024-12-01,5.0000,4.5329,0.4469
Chile,2025-01-01,5.0000,4.9351,0.0618
Chile,2025-02-01,5.0000,4.7303,0.2576
Chile,2025-03-01,5.0000,4.8685,0.1253
Chile,2025-04-01,5.0000,4.5234,0.4559
Chile,2025-05-01,5.0000,4.4436,0.5327
Chile,2025-06-01,5.0000,4.1191,0.8460
Chile,2025-07-01,4.7500,4.2518,0.4778
Chile,2025-08-01,4.7500,4.0306,0.6915
Chile,2025-09-01,4.7500,4.4002,0.3350
Chile,2025-10-01,4.7500,3.4388,1.2676
Chile,2025-11-01,4.7500,3.4395,1.2669
Chile,2025-12-01,4.5000,3.4463,1.0186
Chile,2026-01-01,4.5000,2.7825,1.6710
Chile,2026-02-01,4.5000,2.3703,2.0804
Chile,2026-03-01,4.5000,2.8319,1.6221
Chile,2026-04-01,4.5000,3.9570,0.5223
Chile,2026-05-01,4.5000,3.9308,0.5477
Chile,2026-06-01,4.5000,4.3369,0.1563
Chile,2026-07-01,4.5000,3.5261,0.9408
Chile,2026-08-01,4.5000,4.1322,0.3532
China,2000-01-01,5.8500,-0.2000,6.0621
China,2000-02-01,5.8500,0.7000,5.1142
China,2000-03-01,5.8500,-0.2000,6.0621
China,2000-04-01,5.8500,-0.3000,6.1685
China,2000-05-01,5.8500,0.1000,5.7443
China,2000-06-01,5.8500,0.5000,5.3234
China,2000-07-01,5.8500,0.5000,5.3234
China,2000-08-01,5.8500,0.3000,5.5334
China,2000-09-01,5.8500,0.0000,5.8500
China,2000-10-01,5.8500,0.0000,5.8500
China,2000-11-01,5.8500,1.3000,4.4916
China,2000-12-01,5.8500,1.5000,4.2857
China,2001-01-01,5.8500,0.5464,5.2748
China,2001-02-01,5.8500,-1.8089,7.8000
China,2001-03-01,5.8500,-0.6382,6.5299
China,2001-04-01,5.8500,1.1402,4.6567
China,2001-05-01,5.8500,1.8737,3.9031
China,2001-06-01,5.8500,2.1617,3.6103
China,2001-07-01,5.8500,2.1173,3.6553
China,2001-08-01,5.8500,1.5947,4.1885
China,2001-09-01,5.8500,0.6624,5.1535
China,2001-10-01,5.8500,1.0284,4.7725
China,2001-11-01,5.8500,0.2237,5.6137
China,2001-12-01,5.8500,-0.1654,6.0254
China,2002-01-01,5.8500,-0.9911,6.9096
China,2002-02-01,5.3100,0.0000,5.3100
China,2002-03-01,5.3100,-0.6972,6.0494
China,2002-04-01,5.3100,-1.1928,6.5813
China,2002-05-01,5.3100,-0.9990,6.3727
China,2002-06-01,5.3100,-0.7078,6.0607
China,2002-07-01,5.3100,-0.9146,6.2821
China,2002-08-01,5.3100,-0.7107,6.0638
China,2002-09-01,5.3100,-0.6036,5.9495
China,2002-10-01,5.3100,-0.7021,6.0546
China,2002-11-01,5.3100,-0.6030,5.9489
China,2002-12-01,5.3100,-0.4016,5.7346
China,2003-01-01,5.3100,0.4004,4.8900
China,2003-02-01,5.3100,0.1980,5.1019
China,2003-03-01,5.3100,0.8024,4.4717
China,2003-04-01,5.3100,0.9054,4.3650
China,2003-05-01,5.3100,0.5045,4.7813
China,2003-06-01,5.3100,0.2037,5.0960
China,2003-07-01,5.3100,0.5128,4.7727
China,2003-08-01,5.3100,0.8180,4.4556
China,2003-09-01,5.3100,1.0121,4.2548
China,2003-10-01,5.3100,1.7172,3.5322
China,2003-11-01,5.3100,2.8311,2.4106
China,2003-12-01,5.3100,3.1250,2.1188
China,2004-01-01,5.3100,3.1904,2.0540
China,2004-02-01,5.3100,2.0751,3.1691
China,2004-03-01,5.3100,3.0846,2.1588
China,2004-04-01,5.3100,3.7886,1.4658
China,2004-05-01,5.3100,4.4177,0.8546
China,2004-06-01,5.3100,4.9797,0.3147
China,2004-07-01,5.3100,5.1020,0.1979
China,2004-08-01,5.3100,5.2738,0.0344
China,2004-09-01,5.3100,5.1102,0.1901
China,2004-10-01,5.5800,4.1708,1.3528
China,2004-11-01,5.5800,2.8515,2.6528
China,2004-12-01,5.5800,2.3460,3.1598
China,2005-01-01,5.5800,1.7391,3.7752
China,2005-02-01,5.5800,3.7754,1.7389
China,2005-03-01,5.5800,2.6062,2.8983
China,2005-04-01,5.5800,1.7291,3.7854
China,2005-05-01,5.5800,1.6346,3.8819
China,2005-06-01,5.5800,1.5489,3.9696
China,2005-07-01,5.5800,1.8447,3.6677
China,2005-08-01,5.5800,1.2524,4.2741
China,2005-09-01,5.5800,0.8580,4.6819
China,2005-10-01,5.5800,1.3346,4.1895
China,2005-11-01,5.5800,1.2428,4.2839
China,2005-12-01,5.5800,1.6237,3.8931
China,2006-01-01,5.5800,2.2792,3.2272
China,2006-02-01,5.5800,1.0261,4.5076
China,2006-03-01,5.5800,0.9407,4.5960
China,2006-04-01,5.8500,1.5203,4.2649
China,2006-05-01,5.8500,1.6083,4.1745
China,2006-06-01,5.8500,1.8780,3.8988
China,2006-07-01,5.8500,1.5729,4.2108
China,2006-08-01,6.1200,1.6841,4.3624
China,2006-09-01,6.1200,1.5123,4.5391
China,2006-10-01,6.1200,1.1383,4.9256
China,2006-11-01,6.1200,1.8225,4.2206
China,2006-12-01,6.1200,2.7632,3.2666
China,2007-01-01,6.1200,2.2377,3.7973
China,2007-02-01,6.1200,2.6870,3.3432
China,2007-03-01,6.3900,3.3271,2.9643
China,2007-04-01,6.3900,3.0230,3.2682
China,2007-05-01,6.5700,3.4451,3.0209
China,2007-06-01,6.5700,4.3698,2.1081
China,2007-07-01,6.8400,5.6218,1.1534
China,2007-08-01,7.0200,6.5687,0.4235
China,2007-09-01,7.2900,6.3687,0.8661
China,2007-10-01,7.2900,6.5761,0.6698
China,2007-11-01,7.2900,7.0018,0.2694
China,2007-12-01,7.4700,6.5758,0.8390
China,2008-01-01,7.4700,7.1020,0.3436
China,2008-02-01,7.4700,8.8032,-1.2253
China,2008-03-01,7.4700,8.3702,-0.8306
China,2008-04-01,7.4700,8.5861,-1.0279
China,2008-05-01,7.4700,7.8218,-0.3263
China,2008-06-01,7.4700,7.1813,0.2694
China,2008-07-01,7.4700,6.3355,1.0669
China,2008-08-01,7.4700,4.9697,2.3819
China,2008-09-01,7.2000,4.6481,2.4385
China,2008-10-01,6.6600,4.0234,2.5346
China,2008-11-01,5.5800,2.4788,3.0262
China,2008-12-01,5.3100,1.2615,3.9981
China,2009-01-01,5.3100,0.9582,4.3105
China,2009-02-01,5.3100,-1.6033,7.0260
China,2009-03-01,5.3100,-1.1985,6.5875
China,2009-04-01,5.3100,-1.4966,6.9101
China,2009-05-01,5.3100,-1.4025,6.8079
China,2009-06-01,5.3100,-1.6980,7.1291
China,2009-07-01,5.3100,-1.7966,7.2366
China,2009-08-01,5.3100,-1.2045,6.5939
China,2009-09-01,5.3100,-0.8114,6.1714
China,2009-10-01,5.3100,-0.6041,5.9500
China,2009-11-01,5.3100,0.4905,4.7959
China,2009-12-01,5.3100,1.7034,3.5462
China,2010-01-01,5.3100,1.4027,3.8533
China,2010-02-01,5.3100,2.6205,2.6208
China,2010-03-01,5.3100,2.1986,3.0444
China,2010-04-01,5.3100,2.6167,2.6246
China,2010-05-01,5.3100,2.8194,2.4223
China,2010-06-01,5.3100,2.7144,2.5270
China,2010-07-01,5.3100,3.1314,2.1125
China,2010-08-01,5.3100,3.2258,2.0191
China,2010-09-01,5.3100,3.4407,1.8071
China,2010-10-01,5.5600,4.2627,1.2443
China,2010-11-01,5.5600,5.0917,0.4456
China,2010-12-01,5.8100,4.5746,1.1813
China,2011-01-01,5.8100,4.9863,0.7845
China,2011-02-01,6.0600,5.0254,0.9851
China,2011-03-01,6.0600,5.5473,0.4857
China,2011-04-01,6.3100,5.4783,0.7885
China,2011-05-01,6.3100,5.6653,0.6101
China,2011-06-01,6.3100,6.6026,-0.2745
China,2011-07-01,6.5600,6.6997,-0.1309
China,2011-08-01,6.5600,6.3894,0.1603
China,2011-09-01,6.5600,6.2775,0.2658
China,2011-10-01,6.5600,5.6428,0.8682
China,2011-11-01,6.5600,4.2925,2.1742
China,2011-12-01,6.5600,4.0797,2.3831
China,2012-01-01,6.5600,4.5996,1.8742
China,2012-02-01,6.5600,3.2185,3.2373
China,2012-03-01,6.5600,3.6392,2.8182
China,2012-04-01,6.5600,3.3923,3.0637
China,2012-05-01,6.5600,3.0081,3.4482
China,2012-06-01,6.3100,2.1060,4.1173
China,2012-07-01,6.0000,1.7012,4.2269
China,2012-08-01,6.0000,2.0045,3.9170
China,2012-09-01,6.0000,1.8027,4.1230
China,2012-10-01,6.0000,1.5940,4.3369
China,2012-11-01,6.0000,1.9043,4.0191
China,2012-12-01,6.0000,2.4116,3.5039
China,2013-01-01,6.0000,1.9083,4.0151
China,2013-02-01,6.0000,3.1257,2.7872
China,2013-03-01,6.0000,1.9968,3.9248
China,2013-04-01,6.0000,2.3005,3.6163
China,2013-05-01,6.0000,1.9973,3.9243
China,2013-06-01,6.0000,2.6105,3.3032
China,2013-07-01,6.0000,2.6080,3.3058
China,2013-08-01,6.0000,2.5093,3.4053
China,2013-09-01,6.0000,3.0141,2.8985
China,2013-10-01,6.0000,3.2285,2.6848
China,2013-11-01,6.0000,3.0141,2.8985
China,2013-12-01,6.0000,2.5043,3.4103
China,2014-01-01,6.0000,2.5017,3.4130
China,2014-02-01,6.0000,1.9035,4.0200
China,2014-03-01,6.0000,2.3124,3.6043
China,2014-04-01,6.0000,1.8064,4.1192
China,2014-05-01,6.0000,2.5145,3.4000
China,2014-06-01,6.0000,2.4180,3.4974
China,2014-07-01,6.0000,2.4157,3.4997
China,2014-08-01,6.0000,2.1087,3.8110
China,2014-09-01,6.0000,1.8067,4.1188
China,2014-10-01,6.0000,1.7026,4.2255
China,2014-11-01,5.6000,1.6019,3.9350
China,2014-12-01,5.6000,1.6044,3.9325
China,2015-01-01,5.6000,0.9026,4.6554
China,2015-02-01,5.6000,1.6021,3.9348
China,2015-03-01,5.3500,1.6030,3.6879
China,2015-04-01,5.3500,1.7019,3.5870
China,2015-05-01,5.1000,1.4037,3.6452
China,2015-06-01,4.8500,1.4991,3.3014
China,2015-07-01,4.8500,1.7075,3.0897
China,2015-08-01,4.6000,2.0074,2.5416
China,2015-09-01,4.6000,1.6022,2.9505
China,2015-10-01,4.3500,1.3005,3.0104
China,2015-11-01,4.3500,1.5047,2.8031
China,2015-12-01,4.3500,1.7011,2.6046
China,2016-01-01,4.3500,1.9035,2.4008
China,2016-02-01,4.3500,2.3052,1.9987
China,2016-03-01,4.3500,2.4092,1.8951
China,2016-04-01,4.3500,2.4069,1.8974
China,2016-05-01,4.3500,2.0978,2.2060
China,2016-06-01,4.3500,1.9979,2.3061
China,2016-07-01,4.3500,1.8994,2.4049
China,2016-08-01,4.3500,1.4936,2.8144
China,2016-09-01,4.3500,2.1003,2.2034
China,2016-10-01,4.3500,2.3051,1.9988
China,2016-11-01,4.3500,2.4044,1.8999
China,2016-12-01,4.3500,2.1032,2.2005
China,2017-01-01,4.3500,2.6124,1.6934
China,2017-02-01,4.3500,0.7949,3.5271
China,2017-03-01,4.3500,0.8952,3.4241
China,2017-04-01,4.3500,1.1960,3.1167
China,2017-05-01,4.3500,1.6074,2.6992
China,2017-06-01,4.3500,1.5040,2.8038
China,2017-07-01,4.3500,1.3963,2.9131
China,2017-08-01,4.3500,1.7018,2.6039
China,2017-09-01,4.3500,1.5030,2.8049
China,2017-10-01,4.3500,1.7055,2.6002
China,2017-11-01,4.3500,1.6069,2.6997
China,2017-12-01,4.3500,1.7073,2.5983
China,2018-01-01,4.3500,1.3003,3.0106
China,2018-02-01,4.3500,2.7223,1.5845
China,2018-03-01,4.3500,1.8983,2.4060
China,2018-04-01,4.3500,1.5942,2.7126
China,2018-05-01,4.3500,1.4925,2.8154
China,2018-06-01,4.3500,1.5920,2.7148
China,2018-07-01,4.3500,1.7970,2.5079
China,2018-08-01,4.3500,2.1053,2.1984
China,2018-09-01,4.3500,2.3064,1.9975
China,2018-10-01,4.3500,2.4063,1.8981
China,2018-11-01,4.3500,2.0995,2.2042
China,2018-12-01,4.3500,1.7942,2.5107
China,2019-01-01,4.3500,1.6957,2.6100
China,2019-02-01,4.3500,1.4887,2.8194
China,2019-03-01,4.3500,2.2140,2.0898
China,2019-04-01,4.3500,2.5228,1.7822
China,2019-05-01,4.3500,2.9276,1.3819
China,2019-06-01,4.3500,2.9306,1.3790
China,2019-07-01,4.3500,3.0301,1.2811
China,2019-08-01,4.2500,3.0291,1.1850
China,2019-09-01,4.2000,3.2348,0.9349
China,2019-10-01,4.2000,3.9539,0.2367
China,2019-11-01,4.1500,4.6869,-0.5128
China,2019-12-01,4.1500,4.6869,-0.5128
China,2020-01-01,4.1500,5.6201,-1.3919
China,2020-02-01,4.0500,5.4200,-1.2995
China,2020-03-01,4.0500,4.5632,-0.4908
China,2020-04-01,3.8500,3.5229,0.3160
China,2020-05-01,3.8500,2.4888,1.3281
China,2020-06-01,3.8500,2.4913,1.3257
China,2020-07-01,3.8500,2.6981,1.1216
China,2020-08-01,3.8500,2.3924,1.4235
China,2020-09-01,3.8500,1.6798,2.1343
China,2020-10-01,3.8500,0.4738,3.3602
China,2020-11-01,3.8500,-0.5293,4.4026
China,2020-12-01,3.8500,0.1658,3.6781
China,2021-01-01,3.8500,-0.2264,4.0857
China,2021-02-01,3.8500,-0.4305,4.2990
China,2021-03-01,3.8500,0.2779,3.5622
China,2021-04-01,3.8500,0.8858,2.9382
China,2021-05-01,3.8500,1.4969,2.3184
China,2021-06-01,3.8500,1.1896,2.6291
China,2021-07-01,3.8500,0.8885,2.9354
China,2021-08-01,3.8500,0.5857,3.2453
China,2021-09-01,3.8500,0.3876,3.4490
China,2021-10-01,3.8500,1.3893,2.4270
China,2021-11-01,3.8500,2.4107,1.4054
China,2021-12-01,3.8000,1.3944,2.3725
China,2022-01-01,3.7000,0.7943,2.8828
China,2022-02-01,3.7000,0.7958,2.8812
China,2022-03-01,3.7000,1.3037,2.3655
China,2022-04-01,3.7000,2.0087,1.6580
China,2022-05-01,3.7000,2.0128,1.6539
China,2022-06-01,3.7000,2.4975,1.1732
China,2022-07-01,3.7000,2.6991,0.9746
China,2022-08-01,3.6500,2.5002,1.1218
China,2022-09-01,3.6500,2.7976,0.8292
China,2022-10-01,3.6500,2.0994,1.5187
China,2022-11-01,3.6500,1.6027,2.0150
China,2022-12-01,3.6500,1.8022,1.8151
China,2023-01-01,3.6500,2.0952,1.5229
China,2023-02-01,3.6500,1.0009,2.6228
China,2023-03-01,3.6500,0.6963,2.9333
China,2023-04-01,3.6500,0.0991,3.5474
China,2023-05-01,3.6500,0.1985,3.4446
China,2023-06-01,3.5500,0.0000,3.5500
China,2023-07-01,3.5500,-0.3023,3.8640
China,2023-08-01,3.4500,0.0988,3.3479
China,2023-09-01,3.4500,0.0000,3.4500
China,2023-10-01,3.4500,-0.1970,3.6542
China,2023-11-01,3.4500,-0.4991,3.9689
China,2023-12-01,3.4500,-0.3022,3.7636
China,2024-01-01,3.4500,-0.8025,4.2869
China,2024-02-01,3.4500,0.7017,2.7291
China,2024-03-01,3.4500,0.0988,3.3479
China,2024-04-01,3.4500,0.2969,3.1437
China,2024-05-01,3.4500,0.2972,3.1434
China,2024-06-01,3.4500,0.1984,3.2452
China,2024-07-01,3.3500,0.5012,2.8346
China,2024-08-01,3.3500,0.6000,2.7336
China,2024-09-01,3.3500,0.4000,2.9383
China,2024-10-01,3.1000,0.3000,2.7916
China,2024-11-01,3.1000,0.2000,2.8942
China,2024-12-01,3.1000,0.1000,2.9970
China,2025-01-01,3.1000,0.5000,2.5871
China,2025-02-01,3.1000,-0.7000,3.8268
China,2025-03-01,3.1000,-0.1000,3.2032
China,2025-04-01,3.1000,-0.0969,3.2000
China,2025-05-01,3.0000,-0.0972,3.1003
China,2025-06-01,3.0000,0.1016,2.8955
China,2025-07-01,3.0000,-0.0012,3.0013
China,2025-08-01,3.0000,-0.4000,3.4137
China,2025-09-01,3.0000,-0.3000,3.3099
China,2025-10-01,3.0000,0.2000,2.7944
China,2025-11-01,3.0000,0.7000,2.2840
China,2025-12-01,3.0000,0.8000,2.1825
China,2026-01-01,3.0000,0.2000,2.7944
China,2026-02-01,3.0000,1.3000,1.6782
China,2026-03-01,3.0000,1.0000,1.9802
China,2026-04-01,3.0000,1.2000,1.7787
China,2026-05-01,3.0000,1.2000,1.7787
China,2026-06-01,3.0000,1.0000,1.9802
China,2026-07-01,3.0000,0.5000,2.4876
China,2026-08-01,3.0000,0.8000,2.1825
Coreia do Sul,2000-01-01,4.7500,1.8908,2.8061
Coreia do Sul,2000-02-01,5.0000,1.7707,3.1731
Coreia do Sul,2000-03-01,5.0000,2.1116,2.8287
Coreia do Sul,2000-04-01,5.0000,1.4446,3.5048
Coreia do Sul,2000-05-01,5.0000,1.1035,3.8540
Coreia do Sul,2000-06-01,5.0000,2.2168,2.7228
Coreia do Sul,2000-07-01,5.0000,2.9800,1.9615
Coreia do Sul,2000-08-01,5.0000,2.4480,2.4910
Coreia do Sul,2000-09-01,5.0000,3.5158,1.4338
Coreia do Sul,2000-10-01,5.2500,2.6383,2.5446
Coreia do Sul,2000-11-01,5.2500,2.2028,2.9815
Coreia do Sul,2000-12-01,5.2500,2.7790,2.4042
Coreia do Sul,2001-01-01,5.2500,3.4392,1.7506
Coreia do Sul,2001-02-01,5.0000,3.6267,1.3253
Coreia do Sul,2001-03-01,5.0000,4.0119,0.9499
Coreia do Sul,2001-04-01,5.0000,4.8334,0.1589
Coreia do Sul,2001-05-01,5.0000,5.2634,-0.2502
Coreia do Sul,2001-06-01,5.0000,5.0344,-0.0327
Coreia do Sul,2001-07-01,4.7500,4.8124,-0.0596
Coreia do Sul,2001-08-01,4.5000,4.6905,-0.1820
Coreia do Sul,2001-09-01,4.0000,3.2513,0.7252
Coreia do Sul,2001-10-01,4.0000,3.3529,0.6262
Coreia do Sul,2001-11-01,4.0000,3.3744,0.6052
Coreia do Sul,2001-12-01,4.0000,3.1639,0.8104
Coreia do Sul,2002-01-01,4.0000,2.6376,1.3274
Coreia do Sul,2002-02-01,4.0000,2.6263,1.3385
Coreia do Sul,2002-03-01,4.0000,2.3134,1.6485
Coreia do Sul,2002-04-01,4.0000,2.4977,1.4657
Coreia do Sul,2002-05-01,4.2500,2.9797,1.2335
Coreia do Sul,2002-06-01,4.2500,2.5886,1.6195
Coreia do Sul,2002-07-01,4.2500,2.1063,2.0995
Coreia do Sul,2002-08-01,4.2500,2.3836,1.8230
Coreia do Sul,2002-09-01,4.2500,3.0552,1.1594
Coreia do Sul,2002-10-01,4.2500,2.7666,1.4435
Coreia do Sul,2002-11-01,4.2500,3.4542,0.7692
Coreia do Sul,2002-12-01,4.2500,3.7327,0.4986
Coreia do Sul,2003-01-01,4.2500,3.8110,0.4229
Coreia do Sul,2003-02-01,4.2500,3.8860,0.3504
Coreia do Sul,2003-03-01,4.2500,4.5237,-0.2618
Coreia do Sul,2003-04-01,4.2500,3.7488,0.4831
Coreia do Sul,2003-05-01,4.0000,3.1759,0.7987
Coreia do Sul,2003-06-01,4.0000,2.9909,0.9798
Coreia do Sul,2003-07-01,3.7500,3.1878,0.5448
Coreia do Sul,2003-08-01,3.7500,2.9798,0.7479
Coreia do Sul,2003-09-01,3.7500,3.3326,0.4039
Coreia do Sul,2003-10-01,3.7500,3.7140,0.0347
Coreia do Sul,2003-11-01,3.7500,3.4314,0.3080
Coreia do Sul,2003-12-01,3.7500,3.4200,0.3190
Coreia do Sul,2004-01-01,3.7500,3.3951,0.3433
Coreia do Sul,2004-02-01,3.7500,3.2855,0.4497
Coreia do Sul,2004-03-01,3.7500,3.0657,0.6640
Coreia do Sul,2004-04-01,3.7500,3.2514,0.4829
Coreia do Sul,2004-05-01,3.7500,3.3490,0.3880
Coreia do Sul,2004-06-01,3.7500,3.6312,0.1147
Coreia do Sul,2004-07-01,3.7500,4.3593,-0.5838
Coreia do Sul,2004-08-01,3.5000,4.7906,-1.2316
Coreia do Sul,2004-09-01,3.5000,3.8509,-0.3379
Coreia do Sul,2004-10-01,3.5000,3.7596,-0.2502
Coreia do Sul,2004-11-01,3.2500,3.3190,-0.0668
Coreia do Sul,2004-12-01,3.2500,3.0355,0.2082
Coreia do Sul,2005-01-01,3.2500,3.4030,-0.1480
Coreia do Sul,2005-02-01,3.2500,3.3642,-0.1105
Coreia do Sul,2005-03-01,3.2500,2.9883,0.2541
Coreia do Sul,2005-04-01,3.2500,3.0922,0.1530
Coreia do Sul,2005-05-01,3.2500,3.0769,0.1680
Coreia do Sul,2005-06-01,3.2500,2.7663,0.4707
Coreia do Sul,2005-07-01,3.2500,2.5523,0.6803
Coreia do Sul,2005-08-01,3.2500,1.9743,1.2510
Coreia do Sul,2005-09-01,3.2500,2.4825,0.7489
Coreia do Sul,2005-10-01,3.5000,2.2790,1.1938
Coreia do Sul,2005-11-01,3.5000,2.4893,0.9861
Coreia do Sul,2005-12-01,3.7500,2.6181,1.1030
Coreia do Sul,2006-01-01,3.7500,2.2244,1.4924
Coreia do Sul,2006-02-01,4.0000,2.0151,1.9457
Coreia do Sul,2006-03-01,4.0000,2.0030,1.9578
Coreia do Sul,2006-04-01,4.0000,2.0010,1.9598
Coreia do Sul,2006-05-01,4.0000,2.3030,1.6588
Coreia do Sul,2006-06-01,4.2500,2.4125,1.7942
Coreia do Sul,2006-07-01,4.2500,2.4001,1.8065
Coreia do Sul,2006-08-01,4.5000,2.6917,1.7609
Coreia do Sul,2006-09-01,4.5000,2.4797,1.9714
Coreia do Sul,2006-10-01,4.5000,2.1868,2.2637
Coreia do Sul,2006-11-01,4.5000,2.0976,2.3530
Coreia do Sul,2006-12-01,4.5000,2.0900,2.3607
Coreia do Sul,2007-01-01,4.5000,1.6815,2.7719
Coreia do Sul,2007-02-01,4.5000,2.1703,2.2802
Coreia do Sul,2007-03-01,4.5000,2.1589,2.2917
Coreia do Sul,2007-04-01,4.5000,2.4492,2.0018
Coreia do Sul,2007-05-01,4.5000,2.3485,2.1022
Coreia do Sul,2007-06-01,4.5000,2.5480,1.9035
Coreia do Sul,2007-07-01,4.7500,2.5394,2.1559
Coreia do Sul,2007-08-01,5.0000,2.0393,2.9016
Coreia do Sul,2007-09-01,5.0000,2.3248,2.6145
Coreia do Sul,2007-10-01,5.0000,3.0158,1.9261
Coreia do Sul,2007-11-01,5.0000,3.5179,1.4317
Coreia do Sul,2007-12-01,5.0000,3.6059,1.3456
Coreia do Sul,2008-01-01,5.0000,3.8904,1.0680
Coreia do Sul,2008-02-01,5.0000,3.5758,1.3750
Coreia do Sul,2008-03-01,5.0000,3.9386,1.0212
Coreia do Sul,2008-04-01,5.0000,4.1165,0.8486
Coreia do Sul,2008-05-01,5.0000,4.8744,0.1198
Coreia do Sul,2008-06-01,5.0000,5.5437,-0.5151
Coreia do Sul,2008-07-01,5.0000,5.9040,-0.8536
Coreia do Sul,2008-08-01,5.2500,5.6132,-0.3439
Coreia do Sul,2008-09-01,5.2500,5.1084,0.1347
Coreia do Sul,2008-10-01,4.2500,4.8158,-0.5398
Coreia do Sul,2008-11-01,4.0000,4.5328,-0.5097
Coreia do Sul,2008-12-01,3.0000,4.1390,-1.0937
Coreia do Sul,2009-01-01,2.5000,3.7472,-1.2022
Coreia do Sul,2009-02-01,2.0000,4.1042,-2.0213
Coreia do Sul,2009-03-01,2.0000,3.8813,-1.8110
Coreia do Sul,2009-04-01,2.0000,3.5819,-1.5272
Coreia do Sul,2009-05-01,2.0000,2.7343,-0.7147
Coreia do Sul,2009-06-01,2.0000,1.9927,0.0072
Coreia do Sul,2009-07-01,2.0000,1.6182,0.3757
Coreia do Sul,2009-08-01,2.0000,2.1623,-0.1588
Coreia do Sul,2009-09-01,2.0000,2.1603,-0.1569
Coreia do Sul,2009-10-01,2.0000,1.9819,0.0178
Coreia do Sul,2009-11-01,2.0000,2.4388,-0.4284
Coreia do Sul,2009-12-01,2.0000,2.8006,-0.7788
Coreia do Sul,2010-01-01,2.0000,3.5185,-1.4669
Coreia do Sul,2010-02-01,2.0000,2.9839,-0.9554
Coreia do Sul,2010-03-01,2.0000,2.4582,-0.4472
Coreia do Sul,2010-04-01,2.0000,2.5983,-0.5832
Coreia do Sul,2010-05-01,2.0000,2.7021,-0.6836
Coreia do Sul,2010-06-01,2.0000,2.6889,-0.6709
Coreia do Sul,2010-07-01,2.2500,2.5307,-0.2738
Coreia do Sul,2010-08-01,2.2500,2.6818,-0.4205
Coreia do Sul,2010-09-01,2.2500,3.4076,-1.1194
Coreia do Sul,2010-10-01,2.2500,3.6826,-1.3817
Coreia do Sul,2010-11-01,2.5000,2.9887,-0.4745
Coreia do Sul,2010-12-01,2.5000,3.0337,-0.5180
Coreia do Sul,2011-01-01,2.7500,3.4411,-0.6681
Coreia do Sul,2011-02-01,2.7500,3.9393,-1.1442
Coreia do Sul,2011-03-01,3.0000,4.1332,-1.0882
Coreia do Sul,2011-04-01,3.0000,3.8168,-0.7868
Coreia do Sul,2011-05-01,3.0000,3.9116,-0.8773
Coreia do Sul,2011-06-01,3.2500,4.2178,-0.9286
Coreia do Sul,2011-07-01,3.2500,4.5097,-1.2054
Coreia do Sul,2011-08-01,3.2500,4.6857,-1.3714
Coreia do Sul,2011-09-01,3.2500,3.7590,-0.4906
Coreia do Sul,2011-10-01,3.2500,3.5621,-0.3013
Coreia do Sul,2011-11-01,3.2500,4.1746,-0.8876
Coreia do Sul,2011-12-01,3.2500,4.1581,-0.8719
Coreia do Sul,2012-01-01,3.2500,3.3459,-0.0928
Coreia do Sul,2012-02-01,3.2500,3.0329,0.2107
Coreia do Sul,2012-03-01,3.2500,2.6625,0.5722
Coreia do Sul,2012-04-01,3.2500,2.5525,0.6802
Coreia do Sul,2012-05-01,3.2500,2.5386,0.6938
Coreia do Sul,2012-06-01,3.2500,2.1958,1.0315
Coreia do Sul,2012-07-01,3.0000,1.4761,1.5017
Coreia do Sul,2012-08-01,3.0000,1.2656,1.7127
Coreia do Sul,2012-09-01,3.0000,2.0878,0.8935
Coreia do Sul,2012-10-01,2.7500,2.0907,0.6458
Coreia do Sul,2012-11-01,2.7500,1.6314,1.1006
Coreia do Sul,2012-12-01,2.7500,1.4261,1.3053
Coreia do Sul,2013-01-01,2.7500,1.6286,1.1034
Coreia do Sul,2013-02-01,2.7500,1.5832,1.1486
Coreia do Sul,2013-03-01,2.7500,1.4605,1.2710
Coreia do Sul,2013-04-01,2.7500,1.3296,1.4017
Coreia do Sul,2013-05-01,2.5000,1.1485,1.3361
Coreia do Sul,2013-06-01,2.5000,1.1687,1.3159
Coreia do Sul,2013-07-01,2.5000,1.6154,0.8705
Coreia do Sul,2013-08-01,2.5000,1.5056,0.9796
Coreia do Sul,2013-09-01,2.5000,0.9804,1.5048
Coreia do Sul,2013-10-01,2.5000,0.8610,1.6251
Coreia do Sul,2013-11-01,2.5000,1.2009,1.2836
Coreia do Sul,2013-12-01,2.5000,1.1435,1.3412
Coreia do Sul,2014-01-01,2.5000,1.0806,1.4042
Coreia do Sul,2014-02-01,2.5000,1.0125,1.4726
Coreia do Sul,2014-03-01,2.5000,1.2921,1.1925
Coreia do Sul,2014-04-01,2.5000,1.4986,0.9867
Coreia do Sul,2014-05-01,2.5000,1.6655,0.8208
Coreia do Sul,2014-06-01,2.5000,1.6589,0.8273
Coreia do Sul,2014-07-01,2.5000,1.5897,0.8960
Coreia do Sul,2014-08-01,2.2500,1.4082,0.8301
Coreia do Sul,2014-09-01,2.2500,1.1464,1.0910
Coreia do Sul,2014-10-01,2.0000,1.1500,0.8404
Coreia do Sul,2014-11-01,2.0000,0.9655,1.0246
Coreia do Sul,2014-12-01,2.0000,0.8334,1.1569
Coreia do Sul,2015-01-01,2.0000,0.9741,1.0160
Coreia do Sul,2015-02-01,2.0000,0.6459,1.3454
Coreia do Sul,2015-03-01,1.7500,0.4705,1.2735
Coreia do Sul,2015-04-01,1.7500,0.4362,1.3081
Coreia do Sul,2015-05-01,1.7500,0.5521,1.1913
Coreia do Sul,2015-06-01,1.5000,0.7013,0.7931
Coreia do Sul,2015-07-01,1.5000,0.7353,0.7591
Coreia do Sul,2015-08-01,1.5000,0.7002,0.7943
Coreia do Sul,2015-09-01,1.5000,0.5038,0.9912
Coreia do Sul,2015-10-01,1.5000,0.8078,0.6866
Coreia do Sul,2015-11-01,1.5000,0.8201,0.6744
Coreia do Sul,2015-12-01,1.5000,1.1318,0.3640
Coreia do Sul,2016-01-01,1.5000,0.6223,0.8722
Coreia do Sul,2016-02-01,1.5000,1.1133,0.3825
Coreia do Sul,2016-03-01,1.5000,0.8425,0.6520
Coreia do Sul,2016-04-01,1.5000,1.0018,0.4932
Coreia do Sul,2016-05-01,1.5000,0.7799,0.7146
Coreia do Sul,2016-06-01,1.2500,0.7397,0.5066
Coreia do Sul,2016-07-01,1.2500,0.3692,0.8776
Coreia do Sul,2016-08-01,1.2500,0.4873,0.7590
Coreia do Sul,2016-09-01,1.2500,1.3489,-0.0976
Coreia do Sul,2016-10-01,1.2500,1.4879,-0.2344
Coreia do Sul,2016-11-01,1.2500,1.5308,-0.2766
Coreia do Sul,2016-12-01,1.2500,1.3380,-0.0868
Coreia do Sul,2017-01-01,1.2500,2.2408,-0.9691
Coreia do Sul,2017-02-01,1.2500,2.0828,-0.8158
Coreia do Sul,2017-03-01,1.2500,2.2769,-1.0040
Coreia do Sul,2017-04-01,1.2500,1.9556,-0.6920
Coreia do Sul,2017-05-01,1.2500,2.0036,-0.7388
Coreia do Sul,2017-06-01,1.2500,1.8063,-0.5464
Coreia do Sul,2017-07-01,1.2500,2.1670,-0.8976
Coreia do Sul,2017-08-01,1.2500,2.4886,-1.2085
Coreia do Sul,2017-09-01,1.2500,2.0001,-0.7354
Coreia do Sul,2017-10-01,1.2500,1.7618,-0.5029
Coreia do Sul,2017-11-01,1.5000,1.1534,0.3426
Coreia do Sul,2017-12-01,1.5000,1.4075,0.0912
Coreia do Sul,2018-01-01,1.5000,0.7600,0.7344
Coreia do Sul,2018-02-01,1.5000,1.2527,0.2443
Coreia do Sul,2018-03-01,1.5000,1.2156,0.2810
Coreia do Sul,2018-04-01,1.5000,1.5281,-0.0277
Coreia do Sul,2018-05-01,1.5000,1.4691,0.0305
Coreia do Sul,2018-06-01,1.5000,1.4804,0.0193
Coreia do Sul,2018-07-01,1.5000,1.1190,0.3768
Coreia do Sul,2018-08-01,1.5000,1.4318,0.0672
Coreia do Sul,2018-09-01,1.5000,2.0872,-0.5751
Coreia do Sul,2018-10-01,1.5000,2.0025,-0.4926
Coreia do Sul,2018-11-01,1.7500,2.0370,-0.2813
Coreia do Sul,2018-12-01,1.7500,1.3204,0.4240
Coreia do Sul,2019-01-01,1.7500,0.7930,0.9495
Coreia do Sul,2019-02-01,1.7500,0.4613,1.2828
Coreia do Sul,2019-03-01,1.7500,0.3747,1.3702
Coreia do Sul,2019-04-01,1.7500,0.5559,1.1875
Coreia do Sul,2019-05-01,1.7500,0.6799,1.0628
Coreia do Sul,2019-06-01,1.7500,0.7208,1.0218
Coreia do Sul,2019-07-01,1.5000,0.6055,0.8891
Coreia do Sul,2019-08-01,1.5000,-0.0372,1.5378
Coreia do Sul,2019-09-01,1.5000,-0.4261,1.9343
Coreia do Sul,2019-10-01,1.2500,0.0000,1.2500
Coreia do Sul,2019-11-01,1.2500,0.1520,1.0963
Coreia do Sul,2019-12-01,1.2500,0.7385,0.5078
Coreia do Sul,2020-01-01,1.2500,1.2196,0.0300
Coreia do Sul,2020-02-01,1.2500,0.8549,0.3918
Coreia do Sul,2020-03-01,0.7500,0.8263,-0.0756
Coreia do Sul,2020-04-01,0.7500,0.0191,0.7308
Coreia do Sul,2020-05-01,0.5000,-0.2127,0.7143
Coreia do Sul,2020-06-01,0.5000,0.2201,0.2793
Coreia do Sul,2020-07-01,0.5000,0.4466,0.0531
Coreia do Sul,2020-08-01,0.5000,0.7694,-0.2674
Coreia do Sul,2020-09-01,0.5000,0.9480,-0.4437
Coreia do Sul,2020-10-01,0.5000,0.1389,0.3606
Coreia do Sul,2020-11-01,0.5000,0.6122,-0.1115
Coreia do Sul,2020-12-01,0.5000,0.6127,-0.1120
Coreia do Sul,2021-01-01,0.5000,0.9491,-0.4449
Coreia do Sul,2021-02-01,0.5000,1.4177,-0.9049
Coreia do Sul,2021-03-01,0.5000,1.9011,-1.3750
Coreia do Sul,2021-04-01,0.5000,2.4925,-1.9440
Coreia do Sul,2021-05-01,0.5000,2.6247,-2.0704
Coreia do Sul,2021-06-01,0.5000,2.3468,-1.8045
Coreia do Sul,2021-07-01,0.5000,2.6398,-2.0847
Coreia do Sul,2021-08-01,0.7500,2.5551,-1.7602
Coreia do Sul,2021-09-01,0.7500,2.4122,-1.6230
Coreia do Sul,2021-10-01,0.7500,3.1643,-2.3403
Coreia do Sul,2021-11-01,1.0000,3.7766,-2.6756
Coreia do Sul,2021-12-01,1.0000,3.6978,-2.6016
Coreia do Sul,2022-01-01,1.2500,3.7708,-2.4292
Coreia do Sul,2022-02-01,1.2500,3.7803,-2.4381
Coreia do Sul,2022-03-01,1.2500,4.1830,-2.8153
Coreia do Sul,2022-04-01,1.5000,4.7558,-3.1080
Coreia do Sul,2022-05-01,1.7500,5.3405,-3.4085
Coreia do Sul,2022-06-01,1.7500,6.0363,-4.0423
Coreia do Sul,2022-07-01,2.2500,6.3270,-3.8344
Coreia do Sul,2022-08-01,2.5000,5.7226,-3.0482
Coreia do Sul,2022-09-01,2.5000,5.4764,-2.8219
Coreia do Sul,2022-10-01,3.0000,5.6217,-2.4821
Coreia do Sul,2022-11-01,3.2500,5.0063,-1.6725
Coreia do Sul,2022-12-01,3.2500,5.0173,-1.6829
Coreia do Sul,2023-01-01,3.5000,4.9785,-1.4084
Coreia do Sul,2023-02-01,3.5000,4.6576,-1.1060
Coreia do Sul,2023-03-01,3.5000,4.1659,-0.6393
Coreia do Sul,2023-04-01,3.5000,3.6881,-0.1814
Coreia do Sul,2023-05-01,3.5000,3.3767,0.1192
Coreia do Sul,2023-06-01,3.5000,2.7262,0.7533
Coreia do Sul,2023-07-01,3.5000,2.3545,1.1192
Coreia do Sul,2023-08-01,3.5000,3.3600,0.1354
Coreia do Sul,2023-09-01,3.5000,3.7034,-0.1961
Coreia do Sul,2023-10-01,3.5000,3.7651,-0.2555
Coreia do Sul,2023-11-01,3.5000,3.3098,0.1841
Coreia do Sul,2023-12-01,3.5000,3.1759,0.3141
Coreia do Sul,2024-01-01,3.5000,2.8164,0.6649
Coreia do Sul,2024-02-01,3.5000,3.1270,0.3617
Coreia do Sul,2024-03-01,3.5000,3.1035,0.3846
Coreia do Sul,2024-04-01,3.5000,2.9250,0.5587
Coreia do Sul,2024-05-01,3.5000,2.6725,0.8059
Coreia do Sul,2024-06-01,3.5000,2.4109,1.0634
Coreia do Sul,2024-07-01,3.5000,2.5519,0.9245
Coreia do Sul,2024-08-01,3.5000,2.0128,1.4578
Coreia do Sul,2024-09-01,3.5000,1.5950,1.8751
Coreia do Sul,2024-10-01,3.2500,1.2536,1.9716
Coreia do Sul,2024-11-01,3.0000,1.5264,1.4514
Coreia do Sul,2024-12-01,3.0000,1.9338,1.0459
Coreia do Sul,2025-01-01,3.0000,2.2444,0.7390
Coreia do Sul,2025-02-01,2.7500,2.0214,0.7141
Coreia do Sul,2025-03-01,2.7500,2.0535,0.6825
Coreia do Sul,2025-04-01,2.7500,2.0788,0.6576
Coreia do Sul,2025-05-01,2.5000,1.9018,0.5870
Coreia do Sul,2025-06-01,2.5000,2.1697,0.3233
Coreia do Sul,2025-07-01,2.5000,2.0941,0.3976
Coreia do Sul,2025-08-01,2.5000,1.6675,0.8188
Coreia do Sul,2025-09-01,2.5000,2.1021,0.3898
Coreia do Sul,2025-10-01,2.5000,2.3803,0.1169
Coreia do Sul,2025-11-01,2.5000,2.4476,0.0512
Coreia do Sul,2025-12-01,2.5000,2.3149,0.1810
Coreia do Sul,2026-01-01,2.5000,2.0050,0.4853
Coreia do Sul,2026-02-01,2.5000,1.9986,0.4916
Coreia do Sul,2026-03-01,2.5000,2.1584,0.3344
Coreia do Sul,2026-04-01,2.5000,2.5692,-0.0674
Coreia do Sul,2026-05-01,2.5000,3.1392,-0.6198
Coreia do Sul,2026-06-01,2.5000,3.1640,-0.6436
Coreia do Sul,2026-07-01,2.7500,2.7892,-0.0382
EUA,2000-01-01,5.5000,2.7389,2.6875
EUA,2000-02-01,5.7500,3.2219,2.4492
EUA,2000-03-01,6.0000,3.7576,2.1612
EUA,2000-04-01,6.0000,3.0686,2.8441
EUA,2000-05-01,6.5000,3.1889,3.2087
EUA,2000-06-01,6.5000,3.7304,2.6700
EUA,2000-07-01,6.5000,3.6593,2.7405
EUA,2000-08-01,6.5000,3.4111,2.9870
EUA,2000-09-01,6.5000,3.4544,2.9439
EUA,2000-10-01,6.5000,3.4483,2.9500
EUA,2000-11-01,6.5000,3.4462,2.9520
EUA,2000-12-01,6.5000,3.3868,3.0112
EUA,2001-01-01,5.5000,3.7322,1.7042
EUA,2001-02-01,5.5000,3.5336,1.8993
EUA,2001-03-01,5.0000,2.9206,2.0204
EUA,2001-04-01,4.5000,3.2691,1.1919
EUA,2001-05-01,4.0000,3.6152,0.3714
EUA,2001-06-01,3.7500,3.2483,0.4860
EUA,2001-07-01,3.7500,2.7199,1.0028
EUA,2001-08-01,3.5000,2.7199,0.7594
EUA,2001-09-01,3.0000,2.6482,0.3427
EUA,2001-10-01,2.5000,2.1264,0.3658
EUA,2001-11-01,2.0000,1.8955,0.1026
EUA,2001-12-01,1.7500,1.5517,0.1952
EUA,2002-01-01,1.7500,1.1422,0.6009
EUA,2002-02-01,1.7500,1.1377,0.6055
EUA,2002-03-01,1.7500,1.4756,0.2704
EUA,2002-04-01,1.7500,1.6393,0.1089
EUA,2002-05-01,1.7500,1.1818,0.5616
EUA,2002-06-01,1.7500,1.0674,0.6754
EUA,2002-07-01,1.7500,1.4648,0.2811
EUA,2002-08-01,1.7500,1.8028,-0.0519
EUA,2002-09-01,1.7500,1.5143,0.2322
EUA,2002-10-01,1.7500,2.0259,-0.2704
EUA,2002-11-01,1.2500,2.1984,-0.9280
EUA,2002-12-01,1.2500,2.3769,-1.1007
EUA,2003-01-01,1.2500,2.5974,-1.3133
EUA,2003-02-01,1.2500,2.9809,-1.6808
EUA,2003-03-01,1.2500,3.0201,-1.7182
EUA,2003-04-01,1.2500,2.2247,-0.9535
EUA,2003-05-01,1.2500,2.0578,-0.7916
EUA,2003-06-01,1.0000,2.1123,-1.0893
EUA,2003-07-01,1.0000,2.1099,-1.0870
EUA,2003-08-01,1.0000,2.1583,-1.1338
EUA,2003-09-01,1.0000,2.3204,-1.2905
EUA,2003-10-01,1.0000,2.0408,-1.0200
EUA,2003-11-01,1.0000,1.7650,-0.7518
EUA,2003-12-01,1.0000,1.8795,-0.8633
EUA,2004-01-01,1.0000,1.9263,-0.9087
EUA,2004-02-01,1.0000,1.6931,-0.6815
EUA,2004-03-01,1.0000,1.7372,-0.7247
EUA,2004-04-01,1.0000,2.2851,-1.2564
EUA,2004-05-01,1.0000,3.0518,-1.9910
EUA,2004-06-01,1.2500,3.2662,-1.9524
EUA,2004-07-01,1.2500,2.9908,-1.6902
EUA,2004-08-01,1.5000,2.6544,-1.1245
EUA,2004-09-01,1.7500,2.5378,-0.7683
EUA,2004-10-01,1.7500,3.1892,-1.3947
EUA,2004-11-01,2.0000,3.5230,-1.4712
EUA,2004-12-01,2.2500,3.2556,-0.9739
EUA,2005-01-01,2.2500,2.9698,-0.6990
EUA,2005-02-01,2.5000,3.0075,-0.4927
EUA,2005-03-01,2.7500,3.1483,-0.3862
EUA,2005-04-01,2.7500,3.5106,-0.7348
EUA,2005-05-01,3.0000,2.8028,0.1919
EUA,2005-06-01,3.2500,2.5303,0.7019
EUA,2005-07-01,3.2500,3.1679,0.0796
EUA,2005-08-01,3.5000,3.6412,-0.1362
EUA,2005-09-01,3.7500,4.6867,-0.8947
EUA,2005-10-01,3.7500,4.3478,-0.5729
EUA,2005-11-01,4.0000,3.4555,0.5263
EUA,2005-12-01,4.2500,3.4157,0.8068
EUA,2006-01-01,4.5000,3.9853,0.4950
EUA,2006-02-01,4.5000,3.5975,0.8712
EUA,2006-03-01,4.7500,3.3626,1.3422
EUA,2006-04-01,4.7500,3.5457,1.1630
EUA,2006-05-01,5.0000,4.1667,0.8000
EUA,2006-06-01,5.2500,4.3188,0.8927
EUA,2006-07-01,5.2500,4.1453,1.0607
EUA,2006-08-01,5.2500,3.8187,1.3786
EUA,2006-09-01,5.2500,2.0624,3.1232
EUA,2006-10-01,5.2500,1.3052,3.8940
EUA,2006-11-01,5.2500,1.9737,3.2129
EUA,2006-12-01,5.2500,2.5406,2.6422
EUA,2007-01-01,5.2500,2.0756,3.1098
EUA,2007-02-01,5.2500,2.4152,2.7679
EUA,2007-03-01,5.2500,2.7788,2.4044
EUA,2007-04-01,5.2500,2.5737,2.6092
EUA,2007-05-01,5.2500,2.6909,2.4921
EUA,2007-06-01,5.2500,2.6870,2.4959
EUA,2007-07-01,5.2500,2.3582,2.8251
EUA,2007-08-01,5.2500,1.9701,3.2165
EUA,2007-09-01,4.7500,2.7551,1.9415
EUA,2007-10-01,4.5000,3.5362,0.9309
EUA,2007-11-01,4.5000,4.3062,0.1858
EUA,2007-12-01,4.2500,4.0813,0.1621
EUA,2008-01-01,3.0000,4.2803,-1.2277
EUA,2008-02-01,3.0000,4.0266,-0.9868
EUA,2008-03-01,2.2500,3.9815,-1.6652
EUA,2008-04-01,2.0000,3.9369,-1.8635
EUA,2008-05-01,2.0000,4.1755,-2.0883
EUA,2008-06-01,2.0000,5.0218,-2.8773
EUA,2008-07-01,2.0000,5.6001,-3.4092
EUA,2008-08-01,2.0000,5.3719,-3.2000
EUA,2008-09-01,2.0000,4.9369,-2.7988
EUA,2008-10-01,1.0000,3.6552,-2.5616
EUA,2008-11-01,1.0000,1.0696,-0.0688
EUA,2008-12-01,0.1250,0.0914,0.0336
EUA,2009-01-01,0.1250,0.0298,0.0951
EUA,2009-02-01,0.1250,0.2362,-0.1109
EUA,2009-03-01,0.1250,-0.3836,0.5105
EUA,2009-04-01,0.1250,-0.7369,0.8683
EUA,2009-05-01,0.1250,-1.2814,1.4247
EUA,2009-06-01,0.1250,-1.4268,1.5742
EUA,2009-07-01,0.1250,-2.0972,2.2698
EUA,2009-08-01,0.1250,-1.4843,1.6336
EUA,2009-09-01,0.1250,-1.2862,1.4296
EUA,2009-10-01,0.1250,-0.1828,0.3084
EUA,2009-11-01,0.1250,1.8383,-1.6824
EUA,2009-12-01,0.1250,2.7213,-2.5275
EUA,2010-01-01,0.1250,2.6257,-2.4367
EUA,2010-02-01,0.1250,2.1433,-1.9760
EUA,2010-03-01,0.1250,2.3140,-2.1395
EUA,2010-04-01,0.1250,2.2364,-2.0653
EUA,2010-05-01,0.1250,2.0210,-1.8584
EUA,2010-06-01,0.1250,1.0533,-0.9187
EUA,2010-07-01,0.1250,1.2352,-1.0966
EUA,2010-08-01,0.1250,1.1481,-1.0115
EUA,2010-09-01,0.1250,1.1437,-1.0072
EUA,2010-10-01,0.1250,1.1722,-1.0351
EUA,2010-11-01,0.1250,1.1432,-1.0067
EUA,2010-12-01,0.1250,1.4957,-1.3505
EUA,2011-01-01,0.1250,1.6318,-1.4827
EUA,2011-02-01,0.1250,2.1076,-1.9417
EUA,2011-03-01,0.1250,2.6816,-2.4898
EUA,2011-04-01,0.1250,3.1636,-2.9454
EUA,2011-05-01,0.1250,3.5686,-3.3250
EUA,2011-06-01,0.1250,3.5588,-3.3158
EUA,2011-07-01,0.1250,3.6287,-3.3810
EUA,2011-08-01,0.1250,3.7712,-3.5137
EUA,2011-09-01,0.1250,3.8684,-3.6039
EUA,2011-10-01,0.1250,3.5252,-3.2844
EUA,2011-11-01,0.1250,3.3944,-3.1620
EUA,2011-12-01,0.1250,2.9624,-2.7558
EUA,2012-01-01,0.1250,2.9252,-2.7206
EUA,2012-02-01,0.1250,2.8711,-2.6695
EUA,2012-03-01,0.1250,2.6514,-2.4611
EUA,2012-04-01,0.1250,2.3027,-2.1287
EUA,2012-05-01,0.1250,1.7043,-1.5528
EUA,2012-06-01,0.1250,1.6640,-1.5138
EUA,2012-07-01,0.1250,1.4085,-1.2656
EUA,2012-08-01,0.1250,1.6924,-1.5413
EUA,2012-09-01,0.1250,1.9913,-1.8298
EUA,2012-10-01,0.1250,2.1623,-1.9942
EUA,2012-11-01,0.1250,1.7641,-1.6107
EUA,2012-12-01,0.1250,1.7410,-1.5884
EUA,2013-01-01,0.1250,1.5949,-1.4468
EUA,2013-02-01,0.1250,1.9779,-1.8170
EUA,2013-03-01,0.1250,1.4739,-1.3293
EUA,2013-04-01,0.1250,1.0631,-0.9282
EUA,2013-05-01,0.1250,1.3620,-1.2203
EUA,2013-06-01,0.1250,1.7544,-1.6013
EUA,2013-07-01,0.1250,1.9607,-1.8004
EUA,2013-08-01,0.1250,1.5184,-1.3725
EUA,2013-09-01,0.1250,1.1849,-1.0475
EUA,2013-10-01,0.1250,0.9636,-0.8306
EUA,2013-11-01,0.1250,1.2371,-1.0985
EUA,2013-12-01,0.1250,1.5017,-1.3564
EUA,2014-01-01,0.1250,1.5789,-1.4313
EUA,2014-02-01,0.1250,1.1263,-0.9902
EUA,2014-03-01,0.1250,1.5122,-1.3665
EUA,2014-04-01,0.1250,1.9529,-1.7928
EUA,2014-05-01,0.1250,2.1271,-1.9604
EUA,2014-06-01,0.1250,2.0723,-1.9078
EUA,2014-07-01,0.1250,1.9923,-1.8309
EUA,2014-08-01,0.1250,1.6996,-1.5483
EUA,2014-09-01,0.1250,1.6579,-1.5079
EUA,2014-10-01,0.1250,1.6643,-1.5141
EUA,2014-11-01,0.1250,1.3224,-1.1817
EUA,2014-12-01,0.1250,0.7565,-0.6268
EUA,2015-01-01,0.1250,-0.0893,0.2145
EUA,2015-02-01,0.1250,-0.0251,0.1502
EUA,2015-03-01,0.1250,-0.0736,0.1988
EUA,2015-04-01,0.1250,-0.1995,0.3252
EUA,2015-05-01,0.1250,-0.0399,0.1650
EUA,2015-06-01,0.1250,0.1238,0.0012
EUA,2015-07-01,0.1250,0.1696,-0.0445
EUA,2015-08-01,0.1250,0.1951,-0.0699
EUA,2015-09-01,0.1250,-0.0361,0.1612
EUA,2015-10-01,0.1250,0.1706,-0.0455
EUA,2015-11-01,0.1250,0.5018,-0.3749
EUA,2015-12-01,0.3750,0.7295,-0.3520
EUA,2016-01-01,0.3750,1.3731,-0.9846
EUA,2016-02-01,0.3750,1.0178,-0.6363
EUA,2016-03-01,0.3750,0.8525,-0.4735
EUA,2016-04-01,0.3750,1.1251,-0.7418
EUA,2016-05-01,0.3750,1.0193,-0.6378
EUA,2016-06-01,0.3750,0.9973,-0.6162
EUA,2016-07-01,0.3750,0.8271,-0.4484
EUA,2016-08-01,0.3750,1.0629,-0.6806
EUA,2016-09-01,0.3750,1.4638,-1.0731
EUA,2016-10-01,0.3750,1.6360,-1.2407
EUA,2016-11-01,0.3750,1.6925,-1.2956
EUA,2016-12-01,0.6250,2.0746,-1.4202
EUA,2017-01-01,0.6250,2.5000,-1.8293
EUA,2017-02-01,0.6250,2.7380,-2.0566
EUA,2017-03-01,0.8750,2.3806,-1.4706
EUA,2017-04-01,0.8750,2.1997,-1.2962
EUA,2017-05-01,0.8750,1.8749,-0.9815
EUA,2017-06-01,1.1250,1.6335,-0.5003
EUA,2017-07-01,1.1250,1.7280,-0.5927
EUA,2017-08-01,1.1250,1.9390,-0.7985
EUA,2017-09-01,1.1250,2.2330,-1.0838
EUA,2017-10-01,1.1250,2.0411,-0.8978
EUA,2017-11-01,1.1250,2.2026,-1.0544
EUA,2017-12-01,1.3750,2.1091,-0.7189
EUA,2018-01-01,1.3750,2.0705,-0.6814
EUA,2018-02-01,1.3750,2.2118,-0.8187
EUA,2018-03-01,1.6250,2.3597,-0.7178
EUA,2018-04-01,1.6250,2.4627,-0.8176
EUA,2018-05-01,1.6250,2.8010,-1.1440
EUA,2018-06-01,1.8750,2.8715,-0.9687
EUA,2018-07-01,1.8750,2.9495,-1.0437
EUA,2018-08-01,1.8750,2.6992,-0.8025
EUA,2018-09-01,2.1250,2.2770,-0.1486
EUA,2018-10-01,2.1250,2.5225,-0.3877
EUA,2018-11-01,2.1250,2.1766,-0.0505
EUA,2018-12-01,2.3750,1.9102,0.4561
EUA,2019-01-01,2.3750,1.5512,0.8112
EUA,2019-02-01,2.3750,1.5201,0.8421
EUA,2019-03-01,2.3750,1.8625,0.5031
EUA,2019-04-01,2.3750,1.9964,0.3712
EUA,2019-05-01,2.3750,1.7902,0.5745
EUA,2019-06-01,2.3750,1.6485,0.7147
EUA,2019-07-01,2.3750,1.8115,0.5535
EUA,2019-08-01,2.1250,1.7498,0.3688
EUA,2019-09-01,1.8750,1.7113,0.1609
EUA,2019-10-01,1.6250,1.7640,-0.1366
EUA,2019-11-01,1.6250,2.0513,-0.4177
EUA,2019-12-01,1.6250,2.2851,-0.6454
EUA,2020-01-01,1.6250,2.4866,-0.8407
EUA,2020-02-01,1.6250,2.3349,-0.6937
EUA,2020-03-01,0.1250,1.5393,-1.3929
EUA,2020-04-01,0.1250,0.3291,-0.2034
EUA,2020-05-01,0.1250,0.1179,0.0071
EUA,2020-06-01,0.1250,0.6457,-0.5174
EUA,2020-07-01,0.1250,0.9861,-0.8527
EUA,2020-08-01,0.1250,1.3096,-1.1693
EUA,2020-09-01,0.1250,1.3713,-1.2295
EUA,2020-10-01,0.1250,1.1821,-1.0447
EUA,2020-11-01,0.1250,1.1745,-1.0374
EUA,2020-12-01,0.1250,1.3620,-1.2204
EUA,2021-01-01,0.1250,1.3998,-1.2572
EUA,2021-02-01,0.1250,1.6762,-1.5256
EUA,2021-03-01,0.1250,2.6198,-2.4311
EUA,2021-04-01,0.1250,4.1597,-3.8736
EUA,2021-05-01,0.1250,4.9927,-4.6362
EUA,2021-06-01,0.1250,5.3915,-4.9970
EUA,2021-07-01,0.1250,5.3655,-4.9736
EUA,2021-08-01,0.1250,5.2513,-4.8705
EUA,2021-09-01,0.1250,5.3903,-4.9960
EUA,2021-10-01,0.1250,6.2219,-5.7397
EUA,2021-11-01,0.1250,6.8090,-6.2579
EUA,2021-12-01,0.1250,7.0364,-6.4571
EUA,2022-01-01,0.1250,7.4799,-6.8430
EUA,2022-02-01,0.1250,7.8711,-7.1809
EUA,2022-03-01,0.3750,8.5425,-7.5247
EUA,2022-04-01,0.3750,8.2586,-7.2822
EUA,2022-05-01,0.8750,8.5815,-7.0974
EUA,2022-06-01,1.6250,9.0598,-6.8171
EUA,2022-07-01,2.3750,8.5248,-5.6667
EUA,2022-08-01,2.3750,8.2627,-5.4383
EUA,2022-09-01,3.1250,8.2017,-4.6919
EUA,2022-10-01,3.1250,7.7454,-4.2883
EUA,2022-11-01,3.8750,7.1103,-3.0206
EUA,2022-12-01,4.3750,6.4544,-1.9533
EUA,2023-01-01,4.3750,6.4101,-1.9125
EUA,2023-02-01,4.6250,6.0356,-1.3303
EUA,2023-03-01,4.8750,4.9850,-0.1048
EUA,2023-04-01,4.8750,4.9303,-0.0527
EUA,2023-05-01,5.1250,4.0476,1.0355
EUA,2023-06-01,5.1250,2.9692,2.0937
EUA,2023-07-01,5.3750,3.1778,2.1295
EUA,2023-08-01,5.3750,3.6651,1.6494
EUA,2023-09-01,5.3750,3.6997,1.6155
EUA,2023-10-01,5.3750,3.2411,2.0669
EUA,2023-11-01,5.3750,3.1373,2.1697
EUA,2023-12-01,5.3750,3.3521,1.9573
EUA,2024-01-01,5.3750,3.0909,2.2156
EUA,2024-02-01,5.3750,3.1532,2.1539
EUA,2024-03-01,5.3750,3.4774,1.8338
EUA,2024-04-01,5.3750,3.3574,1.9521
EUA,2024-05-01,5.3750,3.2690,2.0393
EUA,2024-06-01,5.3750,2.9714,2.3342
EUA,2024-07-01,5.3750,2.8948,2.4105
EUA,2024-08-01,5.3750,2.5307,2.7741
EUA,2024-09-01,4.8750,2.4406,2.3764
EUA,2024-10-01,4.8750,2.5979,2.2194
EUA,2024-11-01,4.6250,2.7494,1.8254
EUA,2024-12-01,4.3750,2.8881,1.4452
EUA,2025-01-01,4.3750,3.0005,1.3345
EUA,2025-02-01,4.3750,2.8215,1.5108
EUA,2025-03-01,4.3750,2.3907,1.9379
EUA,2025-04-01,4.3750,2.3113,2.0171
EUA,2025-05-01,4.3750,2.3549,1.9736
EUA,2025-06-01,4.3750,2.6692,1.6614
EUA,2025-07-01,4.3750,2.7049,1.6261
EUA,2025-08-01,4.3750,2.9162,1.4175
EUA,2025-09-01,4.1250,3.0127,1.0798
EUA,2025-10-01,3.8750,,
EUA,2025-11-01,3.8750,2.7351,1.1096
EUA,2025-12-01,3.6250,2.6771,0.9232
EUA,2026-01-01,3.6250,2.3864,1.2097
EUA,2026-02-01,3.6250,2.4141,1.1823
EUA,2026-03-01,3.6250,3.2564,0.3570
EUA,2026-04-01,3.6250,3.8108,-0.1790
EUA,2026-05-01,3.6250,4.2487,-0.5983
EUA,2026-06-01,3.6250,3.5314,0.0904
EUA,2026-07-01,3.6250,3.3648,0.2517
EUA,2026-08-01,3.6250,3.3965,0.2209
Japão,2000-01-01,,-0.6849,
Japão,2000-02-01,,-0.5727,
Japão,2000-03-01,,-0.5721,
Japão,2000-04-01,,-0.7973,
Japão,2000-05-01,,-0.6834,
Japão,2000-06-01,,-0.5714,
Japão,2000-07-01,,-0.4587,
Japão,2000-08-01,0.2500,-0.5714,0.8261
Japão,2000-09-01,0.2500,-0.9122,1.1729
Japão,2000-10-01,0.2500,-1.1377,1.4036
Japão,2000-11-01,0.2500,-0.8009,1.0594
Japão,2000-12-01,0.2500,-0.3444,0.5965
Japão,2001-01-01,0.2500,-0.2299,0.4810
Japão,2001-02-01,0.1500,-0.3456,0.4973
Japão,2001-03-01,0.1500,-0.6904,0.8463
Japão,2001-04-01,,-0.6889,
Japão,2001-05-01,,-0.6881,
Japão,2001-06-01,,-0.8046,
Japão,2001-07-01,,-0.8065,
Japão,2001-08-01,,-0.6897,
Japão,2001-09-01,,-0.6904,
Japão,2001-10-01,,-0.6904,
Japão,2001-11-01,,-1.0381,
Japão,2001-12-01,,-1.2673,
Japão,2002-01-01,,-1.3825,
Japão,2002-02-01,,-1.6185,
Japão,2002-03-01,,-1.1587,
Japão,2002-04-01,,-1.0405,
Japão,2002-05-01,,-0.9238,
Japão,2002-06-01,,-0.6952,
Japão,2002-07-01,,-0.8130,
Japão,2002-08-01,,-0.9259,
Japão,2002-09-01,,-0.8111,
Japão,2002-10-01,,-0.9270,
Japão,2002-11-01,,-0.3497,
Japão,2002-12-01,,-0.2334,
Japão,2003-01-01,,-0.4673,
Japão,2003-02-01,,-0.2350,
Japão,2003-03-01,,-0.1172,
Japão,2003-04-01,,-0.1168,
Japão,2003-05-01,,-0.2331,
Japão,2003-06-01,,-0.3501,
Japão,2003-07-01,,-0.2342,
Japão,2003-08-01,,-0.2336,
Japão,2003-09-01,,-0.1168,
Japão,2003-10-01,,0.0000,
Japão,2003-11-01,,-0.5848,
Japão,2003-12-01,,-0.4678,
Japão,2004-01-01,,-0.3521,
Japão,2004-02-01,,0.0000,
Japão,2004-03-01,,-0.1174,
Japão,2004-04-01,,-0.4678,
Japão,2004-05-01,,-0.4673,
Japão,2004-06-01,,0.0000,
Japão,2004-07-01,,-0.1174,
Japão,2004-08-01,,-0.2342,
Japão,2004-09-01,,0.0000,
Japão,2004-10-01,,0.4678,
Japão,2004-11-01,,0.8235,
Japão,2004-12-01,,0.2350,
Japão,2005-01-01,,0.2356,
Japão,2005-02-01,,0.0000,
Japão,2005-03-01,,0.0000,
Japão,2005-04-01,,0.1175,
Japão,2005-05-01,,0.1174,
Japão,2005-06-01,,-0.4684,
Japão,2005-07-01,,-0.2350,
Japão,2005-08-01,,-0.2347,
Japão,2005-09-01,,-0.3509,
Japão,2005-10-01,,-0.8149,
Japão,2005-11-01,,-0.9335,
Japão,2005-12-01,,-0.3517,
Japão,2006-01-01,,-0.1175,
Japão,2006-02-01,,-0.1178,
Japão,2006-03-01,0.0000,-0.1175,0.1176
Japão,2006-04-01,0.0000,-0.1174,0.1175
Japão,2006-05-01,0.0000,0.1172,-0.1171
Japão,2006-06-01,0.0000,0.4706,-0.4684
Japão,2006-07-01,0.2500,0.2356,0.0144
Japão,2006-08-01,0.2500,0.8235,-0.5688
Japão,2006-09-01,0.2500,0.5869,-0.3349
Japão,2006-10-01,0.2500,0.3521,-0.1018
Japão,2006-11-01,0.2500,0.2356,0.0144
Japão,2006-12-01,0.2500,0.2353,0.0147
Japão,2007-01-01,0.2500,0.0000,0.2500
Japão,2007-02-01,0.5000,-0.2358,0.7376
Japão,2007-03-01,0.5000,-0.1176,0.6184
Japão,2007-04-01,0.5000,0.0000,0.5000
Japão,2007-05-01,0.5000,0.0000,0.5000
Japão,2007-06-01,0.5000,-0.2342,0.7359
Japão,2007-07-01,0.5000,0.0000,0.5000
Japão,2007-08-01,0.5000,-0.2334,0.7351
Japão,2007-09-01,0.5000,-0.2334,0.7351
Japão,2007-10-01,0.5000,0.3509,0.1486
Japão,2007-11-01,0.5000,0.5875,-0.0870
Japão,2007-12-01,0.5000,0.7042,-0.2028
Japão,2008-01-01,0.5000,0.7059,-0.2044
Japão,2008-02-01,0.5000,1.0638,-0.5579
Japão,2008-03-01,0.5000,1.1779,-0.6700
Japão,2008-04-01,0.5000,0.8226,-0.3199
Japão,2008-05-01,0.5000,1.2881,-0.7780
Japão,2008-06-01,0.5000,1.9953,-1.4661
Japão,2008-07-01,0.5000,2.3502,-1.8077
Japão,2008-08-01,0.5000,2.1053,-1.5722
Japão,2008-09-01,0.5000,2.1053,-1.5722
Japão,2008-10-01,0.3000,1.6317,-1.3103
Japão,2008-11-01,0.3000,1.0514,-0.7436
Japão,2008-12-01,0.1000,0.3497,-0.2488
Japão,2009-01-01,0.1000,0.0000,0.1000
Japão,2009-02-01,0.1000,-0.1170,0.2172
Japão,2009-03-01,0.1000,-0.3492,0.4508
Japão,2009-04-01,0.1000,-0.1166,0.2168
Japão,2009-05-01,0.1000,-1.1561,1.2708
Japão,2009-06-01,0.1000,-1.7261,1.8582
Japão,2009-07-01,0.1000,-2.2962,2.4525
Japão,2009-08-01,0.1000,-2.1764,2.3270
Japão,2009-09-01,0.1000,-2.1764,2.3270
Japão,2009-10-01,0.1000,-2.5229,2.6908
Japão,2009-11-01,0.1000,-1.8497,1.9865
Japão,2009-12-01,0.1000,-1.6260,1.7545
Japão,2010-01-01,0.1000,-0.9346,1.0443
Japão,2010-02-01,0.1000,-0.8197,0.9273
Japão,2010-03-01,0.1000,-0.7009,0.8066
Japão,2010-04-01,0.1000,-0.8168,0.9244
Japão,2010-05-01,0.1000,-0.5848,0.6888
Japão,2010-06-01,0.1000,-0.7026,0.8083
Japão,2010-07-01,0.1000,-0.9401,1.0499
Japão,2010-08-01,0.1000,-1.1710,1.2860
Japão,2010-09-01,0.1000,-0.9368,1.0466
Japão,2010-10-01,0.0500,-0.1176,0.1678
Japão,2010-11-01,0.0500,-0.3534,0.4048
Japão,2010-12-01,0.0500,-0.3542,0.4056
Japão,2011-01-01,0.0500,-0.5896,0.6434
Japão,2011-02-01,0.0500,-0.4723,0.5247
Japão,2011-03-01,0.0500,-0.5882,0.6420
Japão,2011-04-01,0.0500,-0.4706,0.5230
Japão,2011-05-01,0.0500,-0.4706,0.5230
Japão,2011-06-01,0.0500,-0.3538,0.4052
Japão,2011-07-01,0.0500,0.2372,-0.1868
Japão,2011-08-01,0.0500,0.2370,-0.1865
Japão,2011-09-01,0.0500,0.0000,0.0500
Japão,2011-10-01,0.0500,-0.2356,0.2862
Japão,2011-11-01,0.0500,-0.4728,0.5253
Japão,2011-12-01,0.0500,-0.2370,0.2876
Japão,2012-01-01,0.0500,0.1186,-0.0685
Japão,2012-02-01,0.0500,0.3559,-0.3048
Japão,2012-03-01,0.0500,0.5917,-0.5385
Japão,2012-04-01,0.0500,0.4728,-0.4208
Japão,2012-05-01,0.0500,0.2364,-0.1860
Japão,2012-06-01,0.0500,-0.2367,0.2874
Japão,2012-07-01,0.0500,-0.4734,0.5259
Japão,2012-08-01,0.0500,-0.4728,0.5253
Japão,2012-09-01,0.0500,-0.3546,0.4060
Japão,2012-10-01,0.0500,-0.4723,0.5247
Japão,2012-11-01,0.0500,-0.2375,0.2882
Japão,2012-12-01,0.0500,-0.1188,0.1690
Japão,2013-01-01,0.0500,-0.3554,0.4069
Japão,2013-02-01,0.0500,-0.7092,0.7646
Japão,2013-03-01,0.0500,-0.9412,1.0006
Japão,2013-04-01,0.0500,-0.7059,0.7613
Japão,2013-05-01,,-0.3538,
Japão,2013-06-01,,0.2372,
Japão,2013-07-01,,0.7134,
Japão,2013-08-01,,0.8314,
Japão,2013-09-01,,1.0676,
Japão,2013-10-01,,1.1862,
Japão,2013-11-01,,1.5476,
Japão,2013-12-01,,1.5458,
Japão,2014-01-01,,1.4269,
Japão,2014-02-01,,1.5476,
Japão,2014-03-01,,1.5439,
Japão,2014-04-01,,3.4360,
Japão,2014-05-01,,3.6686,
Japão,2014-06-01,,3.6686,
Japão,2014-07-01,,3.4238,
Japão,2014-08-01,,3.4158,
Japão,2014-09-01,,3.2864,
Japão,2014-10-01,,2.9308,
Japão,2014-11-01,,2.4619,
Japão,2014-12-01,,2.4590,
Japão,2015-01-01,,2.4619,
Japão,2015-02-01,,2.2274,
Japão,2015-03-01,,2.3392,
Japão,2015-04-01,,0.6873,
Japão,2015-05-01,,0.5708,
Japão,2015-06-01,,0.3425,
Japão,2015-07-01,,0.2283,
Japão,2015-08-01,,0.1139,
Japão,2015-09-01,,0.0000,
Japão,2015-10-01,,0.2278,
Japão,2015-11-01,,0.2288,
Japão,2015-12-01,,0.1143,
Japão,2016-01-01,,-0.1144,
Japão,2016-02-01,,0.2294,
Japão,2016-03-01,,0.0000,
Japão,2016-04-01,,-0.2275,
Japão,2016-05-01,,-0.4540,
Japão,2016-06-01,,-0.3413,
Japão,2016-07-01,,-0.4556,
Japão,2016-08-01,,-0.5688,
Japão,2016-09-01,-0.1000,-0.4545,0.3562
Japão,2016-10-01,-0.1000,0.1136,-0.2134
Japão,2016-11-01,-0.1000,0.5708,-0.6670
Japão,2016-12-01,-0.1000,0.3425,-0.4410
Japão,2017-01-01,-0.1000,0.4582,-0.5556
Japão,2017-02-01,-0.1000,0.2288,-0.3281
Japão,2017-03-01,-0.1000,0.1143,-0.2140
Japão,2017-04-01,-0.1000,0.3421,-0.4406
Japão,2017-05-01,-0.1000,0.4561,-0.5536
Japão,2017-06-01,-0.1000,0.4566,-0.5541
Japão,2017-07-01,-0.1000,0.4577,-0.5551
Japão,2017-08-01,-0.1000,0.6865,-0.7811
Japão,2017-09-01,-0.1000,0.6849,-0.7796
Japão,2017-10-01,-0.1000,0.2270,-0.3263
Japão,2017-11-01,-0.1000,0.5675,-0.6638
Japão,2017-12-01,-0.1000,1.0239,-1.1125
Japão,2018-01-01,-0.1000,1.3683,-1.4485
Japão,2018-02-01,-0.1000,1.4840,-1.5609
Japão,2018-03-01,-0.1000,1.1416,-1.2275
Japão,2018-04-01,-0.1000,0.5682,-0.6644
Japão,2018-05-01,-0.1000,0.6810,-0.7758
Japão,2018-06-01,-0.1000,0.6818,-0.7765
Japão,2018-07-01,-0.1000,0.9112,-1.0020
Japão,2018-08-01,-0.1000,1.2500,-1.3333
Japão,2018-09-01,-0.1000,1.1338,-1.2200
Japão,2018-10-01,-0.1000,1.3590,-1.4394
Japão,2018-11-01,-0.1000,0.7901,-0.8831
Japão,2018-12-01,-0.1000,0.2252,-0.3245
Japão,2019-01-01,-0.1000,0.2250,-0.3242
Japão,2019-02-01,-0.1000,0.2250,-0.3242
Japão,2019-03-01,-0.1000,0.5643,-0.6606
Japão,2019-04-01,-0.1000,0.9040,-0.9950
Japão,2019-05-01,-0.1000,0.6764,-0.7712
Japão,2019-06-01,-0.1000,0.6772,-0.7720
Japão,2019-07-01,-0.1000,0.5643,-0.6606
Japão,2019-08-01,-0.1000,0.3367,-0.4352
Japão,2019-09-01,-0.1000,0.2242,-0.3235
Japão,2019-10-01,-0.1000,0.2235,-0.3227
Japão,2019-11-01,-0.1000,0.5599,-0.6562
Japão,2019-12-01,-0.1000,0.7865,-0.8796
Japão,2020-01-01,-0.1000,0.7856,-0.8787
Japão,2020-02-01,-0.1000,0.5612,-0.6575
Japão,2020-03-01,-0.1000,0.5612,-0.6575
Japão,2020-04-01,-0.1000,0.2240,-0.3232
Japão,2020-05-01,-0.1000,0.2240,-0.3232
Japão,2020-06-01,-0.1000,0.1121,-0.2119
Japão,2020-07-01,-0.1000,0.2245,-0.3237
Japão,2020-08-01,-0.1000,0.0000,-0.1000
Japão,2020-09-01,-0.1000,-0.2237,0.1240
Japão,2020-10-01,-0.1000,-0.5574,0.4600
Japão,2020-11-01,-0.1000,-1.0022,0.9114
Japão,2020-12-01,-0.1000,-1.1148,1.0263
Japão,2021-01-01,-0.1000,-0.6682,0.5720
Japão,2021-02-01,-0.1000,-0.5580,0.4606
Japão,2021-03-01,-0.1000,-0.4464,0.3480
Japão,2021-04-01,-0.1000,-1.1173,1.0288
Japão,2021-05-01,-0.1000,-0.7821,0.6875
Japão,2021-06-01,-0.1000,-0.4479,0.3495
Japão,2021-07-01,-0.1000,-0.2240,0.1242
Japão,2021-08-01,-0.1000,-0.3356,0.2364
Japão,2021-09-01,-0.1000,0.2242,-0.3235
Japão,2021-10-01,-0.1000,0.1121,-0.2119
Japão,2021-11-01,-0.1000,0.5624,-0.6587
Japão,2021-12-01,-0.1000,0.7892,-0.8822
Japão,2022-01-01,-0.1000,0.4484,-0.5460
Japão,2022-02-01,-0.1000,1.0101,-1.0990
Japão,2022-03-01,-0.1000,1.2332,-1.3169
Japão,2022-04-01,-0.1000,2.4859,-2.5232
Japão,2022-05-01,-0.1000,2.4775,-2.5152
Japão,2022-06-01,-0.1000,2.3622,-2.4054
Japão,2022-07-01,-0.1000,2.5814,-2.6139
Japão,2022-08-01,-0.1000,2.9181,-2.9325
Japão,2022-09-01,-0.1000,3.0201,-3.0287
Japão,2022-10-01,-0.1000,3.6954,-3.6602
Japão,2022-11-01,-0.1000,3.8031,-3.7601
Japão,2022-12-01,-0.1000,4.0268,-3.9671
Japão,2023-01-01,-0.1000,4.3527,-4.2670
Japão,2023-02-01,-0.1000,3.2222,-3.2185
Japão,2023-03-01,-0.1000,3.3223,-3.3122
Japão,2023-04-01,-0.1000,3.4179,-3.4016
Japão,2023-05-01,-0.1000,3.1868,-3.1853
Japão,2023-06-01,-0.1000,3.2967,-3.2883
Japão,2023-07-01,-0.1000,3.2823,-3.2748
Japão,2023-08-01,-0.1000,3.1625,-3.1625
Japão,2023-09-01,-0.1000,3.0402,-3.0475
Japão,2023-10-01,-0.1000,3.3477,-3.3360
Japão,2023-11-01,-0.1000,2.9095,-2.9244
Japão,2023-12-01,-0.1000,2.5806,-2.6132
Japão,2024-01-01,-0.1000,2.1390,-2.1921
Japão,2024-02-01,-0.1000,2.7987,-2.8198
Japão,2024-03-01,0.0500,2.6795,-2.5609
Japão,2024-04-01,0.0500,2.5586,-2.4460
Japão,2024-05-01,0.0500,2.7689,-2.6456
Japão,2024-06-01,0.0500,2.7660,-2.6429
Japão,2024-07-01,0.0500,2.7542,-2.6318
Japão,2024-08-01,0.2500,3.0655,-2.7318
Japão,2024-09-01,0.2500,2.5290,-2.2228
Japão,2024-10-01,0.2500,2.2989,-2.0028
Japão,2024-11-01,0.2500,2.9319,-2.6055
Japão,2024-12-01,0.2500,3.6688,-3.2978
Japão,2025-01-01,0.5000,3.9791,-3.3459
Japão,2025-02-01,0.5000,3.5602,-2.9550
Japão,2025-03-01,0.5000,3.5491,-2.9446
Japão,2025-04-01,0.5000,3.6383,-3.0281
Japão,2025-05-01,0.5000,3.6269,-3.0175
Japão,2025-06-01,0.5000,3.4161,-2.8198
Japão,2025-07-01,0.5000,3.1959,-2.6124
Japão,2025-08-01,0.5000,2.8718,-2.3056
Japão,2025-09-01,0.5000,2.8777,-2.3112
Japão,2025-10-01,0.5000,2.8601,-2.2944
Japão,2025-11-01,0.5000,2.7467,-2.1866
Japão,2025-12-01,0.7500,2.0222,-1.2470
Japão,2026-01-01,0.7500,1.5106,-0.7493
Japão,2026-02-01,0.7500,1.3145,-0.5571
Japão,2026-03-01,0.7500,1.4113,-0.6521
Japão,2026-04-01,0.7500,1.3039,-0.5468
Japão,2026-05-01,0.7500,1.5000,-0.7389
Japão,2026-06-01,1.0000,1.7017,-0.6900
Japão,2026-07-01,1.0000,1.8981,-0.8814
Japão,2026-08-01,1.0000,,
México,2000-01-01,19.2500,11.0230,7.4101
México,2000-02-01,17.3800,10.5229,6.2043
México,2000-03-01,13.8700,10.1124,3.4125
México,2000-04-01,14.4600,9.7318,4.3089
México,2000-05-01,16.2300,9.4834,6.1622
México,2000-06-01,18.0600,9.4130,7.9031
México,2000-07-01,13.7500,9.1187,4.2443
México,2000-08-01,15.5100,9.1041,5.8714
México,2000-09-01,15.8900,8.8495,6.4681
México,2000-10-01,17.0900,8.9090,7.5118
México,2000-11-01,17.9000,8.8721,8.2922
México,2000-12-01,18.7900,8.9594,9.0222
México,2001-01-01,17.7200,8.1118,8.8873
México,2001-02-01,16.8600,7.0901,9.1231
México,2001-03-01,16.3200,7.1745,8.5333
México,2001-04-01,15.0000,7.1058,7.3705
México,2001-05-01,11.4700,6.9518,4.2246
México,2001-06-01,10.2500,6.5736,3.4497
México,2001-07-01,9.2700,5.8834,3.1984
México,2001-08-01,8.9400,5.9287,2.8427
México,2001-09-01,10.3600,6.1395,3.9764
México,2001-10-01,8.0800,5.8900,2.0681
México,2001-11-01,7.2400,5.3877,1.7576
México,2001-12-01,8.0400,4.4034,3.4832
México,2002-01-01,8.0800,4.7864,3.1432
México,2002-02-01,7.6300,4.7885,2.7116
México,2002-03-01,7.1100,4.6611,2.3398
México,2002-04-01,5.4700,4.7047,0.7309
México,2002-05-01,7.3300,4.6767,2.5348
México,2002-06-01,8.1300,4.9389,3.0409
México,2002-07-01,5.3700,5.5144,-0.1369
México,2002-08-01,6.6400,5.2918,1.2804
México,2002-09-01,8.0500,4.9481,2.9556
México,2002-10-01,7.7200,4.9364,2.6526
México,2002-11-01,7.0000,5.3883,1.5293
México,2002-12-01,8.2500,5.7004,2.4121
México,2003-01-01,9.0100,5.1569,3.6641
México,2003-02-01,9.2700,5.5168,3.5569
México,2003-03-01,8.9200,5.6427,3.1022
México,2003-04-01,5.8500,5.2481,0.5719
México,2003-05-01,4.7900,4.6964,0.0894
México,2003-06-01,4.3600,4.2743,0.0822
México,2003-07-01,4.0700,4.1265,-0.0542
México,2003-08-01,4.5700,4.0433,0.5062
México,2003-09-01,4.3000,4.0369,0.2529
México,2003-10-01,4.7300,3.9603,0.7404
México,2003-11-01,6.2600,3.9820,2.1908
México,2003-12-01,6.1200,3.9766,2.0615
México,2004-01-01,5.2000,4.2016,0.9582
México,2004-02-01,6.7100,4.5344,2.0812
México,2004-03-01,6.1300,4.2308,1.8221
México,2004-04-01,6.2600,4.2101,1.9670
México,2004-05-01,6.3500,4.2851,1.9800
México,2004-06-01,6.5300,4.3661,2.0734
México,2004-07-01,6.7600,4.4883,2.1741
México,2004-08-01,7.1700,4.8187,2.2432
México,2004-09-01,7.6200,5.0601,2.4366
México,2004-10-01,7.8100,5.4012,2.2854
México,2004-11-01,8.2700,5.4254,2.6982
México,2004-12-01,8.7500,5.1909,3.3835
México,2005-01-01,8.8200,4.5449,4.0892
México,2005-02-01,9.2100,4.2695,4.7383
México,2005-03-01,9.5100,4.3856,4.9091
México,2005-04-01,9.6000,4.5996,4.7805
México,2005-05-01,9.7500,4.5993,4.9243
México,2005-06-01,9.7600,4.3317,5.2030
México,2005-07-01,9.7500,4.4661,5.0581
México,2005-08-01,9.5100,3.9493,5.3494
México,2005-09-01,9.2600,3.5099,5.5551
México,2005-10-01,9.0100,3.0504,5.7832
México,2005-11-01,8.7600,2.9141,5.6804
México,2005-12-01,8.2700,3.3327,4.7781
México,2006-01-01,7.7700,3.9349,3.6899
México,2006-02-01,7.5100,3.7485,3.6256
México,2006-03-01,7.2700,3.4125,3.7303
México,2006-04-01,7.0500,3.1965,3.7341
México,2006-05-01,7.0200,2.9958,3.9071
México,2006-06-01,7.0300,3.1838,3.7275
México,2006-07-01,7.0300,3.0635,3.8486
México,2006-08-01,7.0300,3.4658,3.4449
México,2006-09-01,7.0500,4.0931,2.8406
México,2006-10-01,7.0400,4.2922,2.6347
México,2006-11-01,7.0500,4.0903,2.8434
México,2006-12-01,7.0200,4.0533,2.8512
México,2007-01-01,7.0200,3.9810,2.9227
México,2007-02-01,7.0800,4.1121,2.8507
México,2007-03-01,7.0400,4.2068,2.7188
México,2007-04-01,7.2600,3.9922,3.1424
México,2007-05-01,7.3000,3.9475,3.2252
México,2007-06-01,7.3000,3.9827,3.1903
México,2007-07-01,7.2900,4.1387,3.0261
México,2007-08-01,7.2900,4.0321,3.1316
México,2007-09-01,7.2800,3.7921,3.3605
México,2007-10-01,7.4900,3.7430,3.6118
México,2007-11-01,7.5100,3.9294,3.4452
México,2007-12-01,7.5700,3.7591,3.6728
México,2008-01-01,7.5000,3.7044,3.6600
México,2008-02-01,7.5000,3.7228,3.6417
México,2008-03-01,7.5000,4.2489,3.1186
México,2008-04-01,7.5000,4.5485,2.8231
México,2008-05-01,7.5000,4.9476,2.4321
México,2008-06-01,7.7500,5.2555,2.3700
México,2008-07-01,8.0000,5.3945,2.4722
México,2008-08-01,8.2500,5.5729,2.5357
México,2008-09-01,8.2500,5.4734,2.6326
México,2008-10-01,8.2500,5.7800,2.3351
México,2008-11-01,8.2500,6.2328,1.8988
México,2008-12-01,8.2500,6.5281,1.6163
México,2009-01-01,7.7500,6.2823,1.3810
México,2009-02-01,7.5000,6.2014,1.2228
México,2009-03-01,6.7500,6.0438,0.6660
México,2009-04-01,6.0000,6.1733,-0.1633
México,2009-05-01,5.2500,5.9786,-0.6875
México,2009-06-01,4.7500,5.7361,-0.9326
México,2009-07-01,4.5000,5.4364,-0.8882
México,2009-08-01,4.5000,5.0820,-0.5538
México,2009-09-01,4.5000,4.8943,-0.3759
México,2009-10-01,4.5000,4.4995,0.0005
México,2009-11-01,4.5000,3.8610,0.6152
México,2009-12-01,4.5000,3.5735,0.8945
México,2010-01-01,4.5000,4.4573,0.0408
México,2010-02-01,4.5000,4.8301,-0.3149
México,2010-03-01,4.5000,4.9703,-0.4480
México,2010-04-01,4.5000,4.2710,0.2196
México,2010-05-01,4.5000,3.9166,0.5614
México,2010-06-01,4.5000,3.6931,0.7782
México,2010-07-01,4.5000,3.6360,0.8336
México,2010-08-01,4.5000,3.6757,0.7951
México,2010-09-01,4.5000,3.6991,0.7723
México,2010-10-01,4.5000,4.0245,0.4571
México,2010-11-01,4.5000,4.3170,0.1755
México,2010-12-01,4.5000,4.4016,0.0943
México,2011-01-01,4.5000,3.7821,0.6917
México,2011-02-01,4.5000,3.5723,0.8957
México,2011-03-01,4.5000,3.0396,1.4173
México,2011-04-01,4.5000,3.3606,1.1024
México,2011-05-01,4.5000,3.2493,1.2113
México,2011-06-01,4.5000,3.2764,1.1847
México,2011-07-01,4.5000,3.5471,0.9202
México,2011-08-01,4.5000,3.4238,1.0406
México,2011-09-01,4.5000,3.1368,1.3218
México,2011-10-01,4.5000,3.1957,1.2639
México,2011-11-01,4.5000,3.4826,0.9831
México,2011-12-01,4.5000,3.8187,0.6562
México,2012-01-01,4.5000,4.0467,0.4357
México,2012-02-01,4.5000,3.8686,0.6079
México,2012-03-01,4.5000,3.7292,0.7431
México,2012-04-01,4.5000,3.4122,1.0519
México,2012-05-01,4.5000,3.8512,0.6248
México,2012-06-01,4.5000,4.3353,0.1579
México,2012-07-01,4.5000,4.4200,0.0766
México,2012-08-01,4.5000,4.5678,-0.0649
México,2012-09-01,4.5000,4.7718,-0.2594
México,2012-10-01,4.5000,4.5961,-0.0918
México,2012-11-01,4.5000,4.1798,0.3073
México,2012-12-01,4.5000,3.5682,0.8997
México,2013-01-01,4.5000,3.2547,1.2061
México,2013-02-01,4.5000,3.5523,0.9152
México,2013-03-01,4.0000,4.2522,-0.2419
México,2013-04-01,4.0000,4.6494,-0.6205
México,2013-05-01,4.0000,4.6314,-0.6035
México,2013-06-01,4.0000,4.0879,-0.0845
México,2013-07-01,4.0000,3.4726,0.5097
México,2013-08-01,4.0000,3.4565,0.5253
México,2013-09-01,3.7500,3.3903,0.3479
México,2013-10-01,3.5000,3.3592,0.1362
México,2013-11-01,3.5000,3.6188,-0.1146
México,2013-12-01,3.5000,3.9741,-0.4560
México,2014-01-01,3.5000,4.4828,-0.9407
México,2014-02-01,3.5000,4.2345,-0.7047
México,2014-03-01,3.5000,3.7587,-0.2493
México,2014-04-01,3.5000,3.4968,0.0031
México,2014-05-01,3.5000,3.5103,-0.0099
México,2014-06-01,3.0000,3.7527,-0.7254
México,2014-07-01,3.0000,4.0724,-1.0305
México,2014-08-01,3.0000,4.1500,-1.1042
México,2014-09-01,3.0000,4.2176,-1.1683
México,2014-10-01,3.0000,4.2977,-1.2442
México,2014-11-01,3.0000,4.1679,-1.1211
México,2014-12-01,3.0000,4.0813,-1.0389
México,2015-01-01,3.0000,3.0656,-0.0636
México,2015-02-01,3.0000,3.0002,-0.0002
México,2015-03-01,3.0000,3.1370,-0.1329
México,2015-04-01,3.0000,3.0623,-0.0604
México,2015-05-01,3.0000,2.8767,0.1199
México,2015-06-01,3.0000,2.8707,0.1257
México,2015-07-01,3.0000,2.7390,0.2541
México,2015-08-01,3.0000,2.5873,0.4023
México,2015-09-01,3.0000,2.5189,0.4693
México,2015-10-01,3.0000,2.4797,0.5077
México,2015-11-01,3.0000,2.2149,0.7681
México,2015-12-01,3.2500,2.1308,1.0959
México,2016-01-01,3.2500,2.6131,0.6207
México,2016-02-01,3.7500,2.8672,0.8581
México,2016-03-01,3.7500,2.6010,1.1198
México,2016-04-01,3.7500,2.5417,1.1784
México,2016-05-01,3.7500,2.5966,1.1242
México,2016-06-01,4.2500,2.5380,1.6697
México,2016-07-01,4.2500,2.6548,1.5539
México,2016-08-01,4.2500,2.7274,1.4822
México,2016-09-01,4.7500,2.9689,1.7297
México,2016-10-01,4.7500,3.0637,1.6362
México,2016-11-01,5.2500,3.3053,1.8825
México,2016-12-01,5.7500,3.3603,2.3121
México,2017-01-01,5.7500,4.7183,0.9852
México,2017-02-01,6.2500,4.8642,1.3215
México,2017-03-01,6.5000,5.3526,1.0891
México,2017-04-01,6.5000,5.8171,0.6454
México,2017-05-01,6.7500,6.1640,0.5519
México,2017-06-01,7.0000,6.3136,0.6456
México,2017-07-01,7.0000,6.4381,0.5279
México,2017-08-01,7.0000,6.6636,0.3154
México,2017-09-01,7.0000,6.3479,0.6132
México,2017-10-01,7.0000,6.3715,0.5908
México,2017-11-01,7.0000,6.6346,0.3427
México,2017-12-01,7.2500,6.7731,0.4466
México,2018-01-01,7.2500,5.5458,1.6146
México,2018-02-01,7.5000,5.3392,2.0513
México,2018-03-01,7.5000,5.0354,2.3464
México,2018-04-01,7.5000,4.5508,2.8209
México,2018-05-01,7.5000,4.5063,2.8646
México,2018-06-01,7.7500,4.6469,2.9653
México,2018-07-01,7.7500,4.8114,2.8037
México,2018-08-01,7.7500,4.9045,2.7125
México,2018-09-01,7.7500,5.0196,2.5999
México,2018-10-01,7.7500,4.9036,2.7133
México,2018-11-01,8.0000,4.7165,3.1356
México,2018-12-01,8.2500,4.8305,3.2619
México,2019-01-01,8.2500,4.3656,3.7219
México,2019-02-01,8.2500,3.9402,4.1464
México,2019-03-01,8.2500,4.0041,4.0824
México,2019-04-01,8.2500,4.4135,3.6743
México,2019-05-01,8.2500,4.2820,3.8051
México,2019-06-01,8.2500,3.9471,4.1395
México,2019-07-01,8.2500,3.7813,4.3058
México,2019-08-01,8.0000,3.1624,4.6893
México,2019-09-01,7.7500,2.9975,4.6142
México,2019-10-01,7.7500,3.0195,4.5918
México,2019-11-01,7.5000,2.9745,4.3948
México,2019-12-01,7.2500,2.8286,4.2998
México,2020-01-01,7.2500,3.2384,3.8858
México,2020-02-01,7.0000,3.6962,3.1860
México,2020-03-01,6.5000,3.2491,3.1486
México,2020-04-01,6.0000,2.1481,3.7708
México,2020-05-01,5.5000,2.8373,2.5893
México,2020-06-01,5.0000,3.3340,1.6122
México,2020-07-01,5.0000,3.6234,1.3285
México,2020-08-01,4.5000,4.0484,0.4340
México,2020-09-01,4.2500,4.0138,0.2271
México,2020-10-01,4.2500,4.0870,0.1566
México,2020-11-01,4.2500,3.3319,0.8885
México,2020-12-01,4.2500,3.1501,1.0663
México,2021-01-01,4.2500,3.5351,0.6905
México,2021-02-01,4.0000,3.7590,0.2322
México,2021-03-01,4.0000,4.6669,-0.6371
México,2021-04-01,4.0000,6.0848,-1.9652
México,2021-05-01,4.0000,5.8938,-1.7884
México,2021-06-01,4.2500,5.8786,-1.5382
México,2021-07-01,4.2500,5.8058,-1.4704
México,2021-08-01,4.5000,5.5921,-1.0342
México,2021-09-01,4.5000,6.0001,-1.4152
México,2021-10-01,4.7500,6.2395,-1.4021
México,2021-11-01,5.0000,7.3749,-2.2118
México,2021-12-01,5.5000,7.3551,-1.7280
México,2022-01-01,5.5000,7.0701,-1.4665
México,2022-02-01,6.0000,7.2800,-1.1931
México,2022-03-01,6.5000,7.4537,-0.8875
México,2022-04-01,6.5000,7.6825,-1.0981
México,2022-05-01,7.0000,7.6526,-0.6062
México,2022-06-01,7.7500,7.9863,-0.2189
México,2022-07-01,7.7500,8.1508,-0.3706
México,2022-08-01,8.5000,8.6954,-0.1798
México,2022-09-01,9.2500,8.6997,0.5062
México,2022-10-01,9.2500,8.4068,0.7778
México,2022-11-01,10.0000,7.7966,2.0440
México,2022-12-01,10.5000,7.8170,2.4884
México,2023-01-01,10.5000,7.9100,2.4001
México,2023-02-01,11.0000,7.6189,3.1418
México,2023-03-01,11.2500,6.8493,4.1186
México,2023-04-01,11.2500,6.2528,4.7031
México,2023-05-01,11.2500,5.8353,5.1162
México,2023-06-01,11.2500,5.0556,5.8964
México,2023-07-01,11.2500,4.7858,6.1690
México,2023-08-01,11.2500,4.6380,6.3189
México,2023-09-01,11.2500,4.4545,6.5057
México,2023-10-01,11.2500,4.2570,6.7075
México,2023-11-01,11.2500,4.3239,6.6390
México,2023-12-01,11.2500,4.6609,6.2957
México,2024-01-01,11.2500,4.8839,6.0696
México,2024-02-01,11.2500,4.4008,6.5605
México,2024-03-01,11.0000,4.4209,6.3005
México,2024-04-01,11.0000,4.6532,6.0646
México,2024-05-01,11.0000,4.6868,6.0306
México,2024-06-01,11.0000,4.9761,5.7384
México,2024-07-01,11.0000,5.5662,5.1473
México,2024-08-01,10.7500,4.9929,5.4834
México,2024-09-01,10.5000,4.5804,5.6603
México,2024-10-01,10.5000,4.7615,5.4776
México,2024-11-01,10.2500,4.5487,5.4533
México,2024-12-01,10.0000,4.2123,5.5537
México,2025-01-01,10.0000,3.5850,6.1929
México,2025-02-01,9.5000,3.7739,5.5179
México,2025-03-01,9.0000,3.8011,5.0085
México,2025-04-01,9.0000,3.9334,4.8748
México,2025-05-01,8.5000,4.4188,3.9085
México,2025-06-01,8.0000,4.3174,3.5302
México,2025-07-01,8.0000,3.5124,4.3353
México,2025-08-01,7.7500,3.5688,4.0371
México,2025-09-01,7.5000,3.7603,3.6042
México,2025-10-01,7.5000,3.5665,3.7980
México,2025-11-01,7.2500,3.7992,3.3245
México,2025-12-01,7.0000,3.6919,3.1903
México,2026-01-01,7.0000,3.7913,3.0915
México,2026-02-01,7.0000,4.0230,2.8618
México,2026-03-01,6.7500,4.5868,2.0684
México,2026-04-01,6.7500,4.4485,2.2035
México,2026-05-01,6.5000,3.9389,2.4640
México,2026-06-01,6.5000,3.3660,3.0320
México,2026-07-01,6.5000,3.1176,3.2801
México,2026-08-01,6.5000,3.2619,3.1358
Reino Unido,2000-01-01,5.7500,0.7003,5.0146
Reino Unido,2000-02-01,6.0000,0.9790,4.9723
Reino Unido,2000-03-01,6.0000,0.5563,5.4136
Reino Unido,2000-04-01,6.0000,0.5540,5.4160
Reino Unido,2000-05-01,6.0000,0.5525,5.4176
Reino Unido,2000-06-01,6.0000,0.8299,5.1276
Reino Unido,2000-07-01,6.0000,0.8345,5.1228
Reino Unido,2000-08-01,6.0000,0.5548,5.4152
Reino Unido,2000-09-01,6.0000,0.9669,4.9850
Reino Unido,2000-10-01,6.0000,1.1065,4.8399
Reino Unido,2000-11-01,6.0000,1.1050,4.8415
Reino Unido,2000-12-01,6.0000,0.8264,5.1311
Reino Unido,2001-01-01,6.0000,0.9736,4.9780
Reino Unido,2001-02-01,5.7500,0.6925,5.0227
Reino Unido,2001-03-01,5.7500,0.9682,4.7360
Reino Unido,2001-04-01,5.5000,1.1019,4.3501
Reino Unido,2001-05-01,5.2500,1.6484,3.5432
Reino Unido,2001-06-01,5.2500,1.6461,3.5455
Reino Unido,2001-07-01,5.2500,1.5172,3.6770
Reino Unido,2001-08-01,5.0000,1.9310,3.0108
Reino Unido,2001-09-01,4.7500,1.3680,3.3364
Reino Unido,2001-10-01,4.5000,1.0944,3.3687
Reino Unido,2001-11-01,4.0000,0.8197,3.1545
Reino Unido,2001-12-01,4.0000,1.0929,2.8757
Reino Unido,2002-01-01,4.0000,1.5152,2.4478
Reino Unido,2002-02-01,4.0000,1.5131,2.4499
Reino Unido,2002-03-01,4.0000,1.5068,2.4561
Reino Unido,2002-04-01,4.0000,1.3624,2.6022
Reino Unido,2002-05-01,4.0000,0.8108,3.1635
Reino Unido,2002-06-01,4.0000,0.6748,3.3029
Reino Unido,2002-07-01,4.0000,1.0870,2.8817
Reino Unido,2002-08-01,4.0000,0.9472,3.0241
Reino Unido,2002-09-01,4.0000,0.9447,3.0267
Reino Unido,2002-10-01,4.0000,1.3532,2.6115
Reino Unido,2002-11-01,4.0000,1.4905,2.4726
Reino Unido,2002-12-01,4.0000,1.6216,2.3404
Reino Unido,2003-01-01,4.0000,1.3569,2.6078
Reino Unido,2003-02-01,3.7500,1.6260,2.0900
Reino Unido,2003-03-01,3.7500,1.6194,2.0966
Reino Unido,2003-04-01,3.7500,1.4785,2.2384
Reino Unido,2003-05-01,3.7500,1.2064,2.5132
Reino Unido,2003-06-01,3.7500,1.0724,2.6492
Reino Unido,2003-07-01,3.5000,1.2097,2.2629
Reino Unido,2003-08-01,3.5000,1.3405,2.1310
Reino Unido,2003-09-01,3.5000,1.4706,2.0000
Reino Unido,2003-10-01,3.5000,1.4686,2.0020
Reino Unido,2003-11-01,3.7500,1.3351,2.3831
Reino Unido,2003-12-01,3.7500,1.3298,2.3885
Reino Unido,2004-01-01,3.7500,1.4726,2.2444
Reino Unido,2004-02-01,4.0000,1.3333,2.6316
Reino Unido,2004-03-01,4.0000,1.0624,2.9067
Reino Unido,2004-04-01,4.0000,1.1921,2.7749
Reino Unido,2004-05-01,4.2500,1.4570,2.7529
Reino Unido,2004-06-01,4.5000,1.5915,2.8629
Reino Unido,2004-07-01,4.5000,1.4608,2.9954
Reino Unido,2004-08-01,4.7500,1.3228,3.3825
Reino Unido,2004-09-01,4.7500,1.0540,3.6574
Reino Unido,2004-10-01,4.7500,1.1842,3.5241
Reino Unido,2004-11-01,4.7500,1.4493,3.2536
Reino Unido,2004-12-01,4.7500,1.5748,3.1260
Reino Unido,2005-01-01,4.7500,1.5831,3.1175
Reino Unido,2005-02-01,4.7500,1.5789,3.1218
Reino Unido,2005-03-01,4.7500,1.8397,2.8577
Reino Unido,2005-04-01,4.7500,1.8325,2.8650
Reino Unido,2005-05-01,4.7500,1.9582,2.7382
Reino Unido,2005-06-01,4.7500,1.9582,2.7382
Reino Unido,2005-07-01,4.7500,2.3560,2.3389
Reino Unido,2005-08-01,4.5000,2.3499,2.1008
Reino Unido,2005-09-01,4.5000,2.4772,1.9739
Reino Unido,2005-10-01,4.5000,2.3407,2.1099
Reino Unido,2005-11-01,4.5000,2.2078,2.2427
Reino Unido,2005-12-01,4.5000,1.9380,2.5133
Reino Unido,2006-01-01,4.5000,1.9481,2.5032
Reino Unido,2006-02-01,4.5000,2.0725,2.3782
Reino Unido,2006-03-01,4.5000,1.8065,2.6458
Reino Unido,2006-04-01,4.5000,2.0566,2.3942
Reino Unido,2006-05-01,4.5000,2.3047,2.1458
Reino Unido,2006-06-01,4.5000,2.5608,1.8908
Reino Unido,2006-07-01,4.5000,2.3018,2.1488
Reino Unido,2006-08-01,4.7500,2.5510,2.1443
Reino Unido,2006-09-01,4.7500,2.4173,2.2776
Reino Unido,2006-10-01,4.7500,2.4142,2.2807
Reino Unido,2006-11-01,5.0000,2.6684,2.2710
Reino Unido,2006-12-01,5.0000,3.0418,1.9004
Reino Unido,2007-01-01,5.2500,2.6752,2.5078
Reino Unido,2007-02-01,5.2500,2.7919,2.3914
Reino Unido,2007-03-01,5.2500,3.1686,2.0175
Reino Unido,2007-04-01,5.2500,2.7708,2.4124
Reino Unido,2007-05-01,5.5000,2.3780,3.0495
Reino Unido,2007-06-01,5.5000,2.3720,3.0555
Reino Unido,2007-07-01,5.7500,1.8750,3.8037
Reino Unido,2007-08-01,5.7500,1.7413,3.9401
Reino Unido,2007-09-01,5.7500,1.7391,3.9423
Reino Unido,2007-10-01,5.7500,2.1092,3.5656
Reino Unido,2007-11-01,5.7500,2.1040,3.5709
Reino Unido,2007-12-01,5.5000,2.0910,3.3392
Reino Unido,2008-01-01,5.5000,2.2333,3.1954
Reino Unido,2008-02-01,5.2500,2.4691,2.7139
Reino Unido,2008-03-01,5.2500,2.4570,2.7260
Reino Unido,2008-04-01,5.0000,2.9412,2.0000
Reino Unido,2008-05-01,5.0000,3.4230,1.5248
Reino Unido,2008-06-01,5.0000,3.9024,1.0563
Reino Unido,2008-07-01,5.0000,4.4172,0.5582
Reino Unido,2008-08-01,5.0000,4.7677,0.2217
Reino Unido,2008-09-01,5.0000,5.1282,-0.1220
Reino Unido,2008-10-01,4.5000,4.3742,0.1205
Reino Unido,2008-11-01,3.0000,4.0000,-0.9615
Reino Unido,2008-12-01,2.0000,3.0120,-0.9825
Reino Unido,2009-01-01,1.5000,3.0340,-1.4888
Reino Unido,2009-02-01,1.0000,3.1325,-2.0678
Reino Unido,2009-03-01,0.5000,2.8777,-2.3112
Reino Unido,2009-04-01,0.5000,2.3810,-1.8372
Reino Unido,2009-05-01,0.5000,2.1277,-1.5938
Reino Unido,2009-06-01,0.5000,1.7606,-1.2388
Reino Unido,2009-07-01,0.5000,1.8801,-1.3547
Reino Unido,2009-08-01,0.5000,1.5169,-1.0017
Reino Unido,2009-09-01,0.5000,1.1614,-0.6538
Reino Unido,2009-10-01,0.5000,1.5134,-0.9983
Reino Unido,2009-11-01,0.5000,1.9814,-1.4526
Reino Unido,2009-12-01,0.5000,2.9240,-2.3551
Reino Unido,2010-01-01,0.5000,3.4158,-2.8195
Reino Unido,2010-02-01,0.5000,3.0374,-2.4626
Reino Unido,2010-03-01,0.5000,3.3800,-2.7858
Reino Unido,2010-04-01,0.5000,3.7209,-3.1054
Reino Unido,2010-05-01,0.5000,3.4722,-2.8725
Reino Unido,2010-06-01,0.5000,3.2295,-2.6441
Reino Unido,2010-07-01,0.5000,2.9988,-2.4261
Reino Unido,2010-08-01,0.5000,3.2184,-2.6336
Reino Unido,2010-09-01,0.5000,3.0999,-2.5217
Reino Unido,2010-10-01,0.5000,3.2110,-2.6267
Reino Unido,2010-11-01,0.5000,3.2000,-2.6163
Reino Unido,2010-12-01,0.5000,3.6364,-3.0263
Reino Unido,2011-01-01,0.5000,3.9863,-3.3527
Reino Unido,2011-02-01,0.5000,4.3084,-3.6511
Reino Unido,2011-03-01,0.5000,3.9459,-3.3151
Reino Unido,2011-04-01,0.5000,4.4843,-3.8133
Reino Unido,2011-05-01,0.5000,4.4743,-3.8041
Reino Unido,2011-06-01,0.5000,4.2458,-3.5932
Reino Unido,2011-07-01,0.5000,4.4793,-3.8087
Reino Unido,2011-08-01,0.5000,4.4543,-3.7857
Reino Unido,2011-09-01,0.5000,5.1225,-4.3972
Reino Unido,2011-10-01,0.5000,5.0000,-4.2857
Reino Unido,2011-11-01,0.5000,4.7619,-4.0682
Reino Unido,2011-12-01,0.5000,4.2763,-3.6215
Reino Unido,2012-01-01,0.5000,3.6145,-3.0058
Reino Unido,2012-02-01,0.5000,3.3696,-2.7760
Reino Unido,2012-03-01,0.5000,3.4707,-2.8711
Reino Unido,2012-04-01,0.5000,3.0043,-2.4313
Reino Unido,2012-05-01,0.5000,2.6767,-2.1199
Reino Unido,2012-06-01,0.5000,2.3580,-1.8152
Reino Unido,2012-07-01,0.5000,2.4652,-1.9179
Reino Unido,2012-08-01,0.5000,2.4520,-1.9053
Reino Unido,2012-09-01,0.5000,2.2246,-1.6870
Reino Unido,2012-10-01,0.5000,2.6455,-2.0902
Reino Unido,2012-11-01,0.5000,2.7484,-2.1883
Reino Unido,2012-12-01,0.5000,2.6288,-2.0743
Reino Unido,2013-01-01,0.5000,2.6427,-2.0875
Reino Unido,2013-02-01,0.5000,2.8391,-2.2745
Reino Unido,2013-03-01,0.5000,2.8302,-2.2661
Reino Unido,2013-04-01,0.5000,2.3958,-1.8515
Reino Unido,2013-05-01,0.5000,2.7112,-2.1528
Reino Unido,2013-06-01,0.5000,2.9319,-2.3627
Reino Unido,2013-07-01,0.5000,2.8243,-2.2604
Reino Unido,2013-08-01,0.5000,2.7055,-2.1474
Reino Unido,2013-09-01,0.5000,2.6943,-2.1367
Reino Unido,2013-10-01,0.5000,2.1649,-1.6297
Reino Unido,2013-11-01,0.5000,2.0576,-1.5262
Reino Unido,2013-12-01,0.5000,2.0492,-1.5181
Reino Unido,2014-01-01,0.5000,1.9567,-1.4288
Reino Unido,2014-02-01,0.5000,1.7382,-1.2171
Reino Unido,2014-03-01,0.5000,1.6310,-1.1128
Reino Unido,2014-04-01,0.5000,1.8311,-1.3072
Reino Unido,2014-05-01,0.5000,1.5228,-1.0075
Reino Unido,2014-06-01,0.5000,1.9329,-1.4057
Reino Unido,2014-07-01,0.5000,1.6277,-1.1096
Reino Unido,2014-08-01,0.5000,1.5198,-1.0045
Reino Unido,2014-09-01,0.5000,1.2109,-0.7024
Reino Unido,2014-10-01,0.5000,1.3118,-0.8013
Reino Unido,2014-11-01,0.5000,0.9073,-0.4036
Reino Unido,2014-12-01,0.5000,0.5020,-0.0020
Reino Unido,2015-01-01,0.5000,0.3030,0.1964
Reino Unido,2015-02-01,0.5000,0.0000,0.5000
Reino Unido,2015-03-01,0.5000,0.0000,0.5000
Reino Unido,2015-04-01,0.5000,-0.1998,0.7012
Reino Unido,2015-05-01,0.5000,0.1000,0.3996
Reino Unido,2015-06-01,0.5000,0.0000,0.5000
Reino Unido,2015-07-01,0.5000,0.1001,0.3995
Reino Unido,2015-08-01,0.5000,0.0998,0.3998
Reino Unido,2015-09-01,0.5000,-0.0997,0.6003
Reino Unido,2015-10-01,0.5000,-0.0996,0.6002
Reino Unido,2015-11-01,0.5000,0.1998,0.2996
Reino Unido,2015-12-01,0.5000,0.1998,0.2996
Reino Unido,2016-01-01,0.5000,0.2014,0.2980
Reino Unido,2016-02-01,0.5000,0.3015,0.1979
Reino Unido,2016-03-01,0.5000,0.5015,-0.0015
Reino Unido,2016-04-01,0.5000,0.3003,0.1991
Reino Unido,2016-05-01,0.5000,0.2997,0.1997
Reino Unido,2016-06-01,0.5000,0.3992,0.1004
Reino Unido,2016-07-01,0.5000,0.6000,-0.0994
Reino Unido,2016-08-01,0.2500,0.5982,-0.3461
Reino Unido,2016-09-01,0.2500,0.8982,-0.6424
Reino Unido,2016-10-01,0.2500,0.8973,-0.6416
Reino Unido,2016-11-01,0.2500,1.0967,-0.8375
Reino Unido,2016-12-01,0.2500,1.5952,-1.3241
Reino Unido,2017-01-01,0.2500,1.9095,-1.6285
Reino Unido,2017-02-01,0.2500,2.3046,-2.0083
Reino Unido,2017-03-01,0.2500,2.2954,-1.9995
Reino Unido,2017-04-01,0.2500,2.6946,-2.3805
Reino Unido,2017-05-01,0.2500,2.8884,-2.5644
Reino Unido,2017-06-01,0.2500,2.6839,-2.3703
Reino Unido,2017-07-01,0.2500,2.5845,-2.2757
Reino Unido,2017-08-01,0.2500,2.8741,-2.5508
Reino Unido,2017-09-01,0.2500,2.9674,-2.6390
Reino Unido,2017-10-01,0.2500,2.9644,-2.6363
Reino Unido,2017-11-01,0.5000,3.1558,-2.5746
Reino Unido,2017-12-01,0.5000,2.9441,-2.3742
Reino Unido,2018-01-01,0.5000,2.9586,-2.3879
Reino Unido,2018-02-01,0.5000,2.7424,-2.1826
Reino Unido,2018-03-01,0.5000,2.4390,-1.8929
Reino Unido,2018-04-01,0.5000,2.4295,-1.8838
Reino Unido,2018-05-01,0.5000,2.4201,-1.8748
Reino Unido,2018-06-01,0.5000,2.4201,-1.8748
Reino Unido,2018-07-01,0.5000,2.5194,-1.9698
Reino Unido,2018-08-01,0.7500,2.6012,-1.8042
Reino Unido,2018-09-01,0.7500,2.4015,-1.6128
Reino Unido,2018-10-01,0.7500,2.3992,-1.6106
Reino Unido,2018-11-01,0.7500,2.2945,-1.5098
Reino Unido,2018-12-01,0.7500,2.0972,-1.3196
Reino Unido,2019-01-01,0.7500,1.8199,-1.0508
Reino Unido,2019-02-01,0.7500,1.8112,-1.0424
Reino Unido,2019-03-01,0.7500,1.9048,-1.1332
Reino Unido,2019-04-01,0.7500,2.0873,-1.3099
Reino Unido,2019-05-01,0.7500,1.9849,-1.2108
Reino Unido,2019-06-01,0.7500,1.9849,-1.2108
Reino Unido,2019-07-01,0.7500,1.9849,-1.2108
Reino Unido,2019-08-01,0.7500,1.7840,-1.0159
Reino Unido,2019-09-01,0.7500,1.7824,-1.0143
Reino Unido,2019-10-01,0.7500,1.4995,-0.7385
Reino Unido,2019-11-01,0.7500,1.4019,-0.6429
Reino Unido,2019-12-01,0.7500,1.3072,-0.5500
Reino Unido,2020-01-01,0.7500,1.7874,-1.0192
Reino Unido,2020-02-01,0.7500,1.6854,-0.9199
Reino Unido,2020-03-01,0.1000,1.4953,-1.3748
Reino Unido,2020-04-01,0.1000,0.8364,-0.7303
Reino Unido,2020-05-01,0.1000,0.5561,-0.4535
Reino Unido,2020-06-01,0.1000,0.6487,-0.5452
Reino Unido,2020-07-01,0.1000,1.1121,-1.0010
Reino Unido,2020-08-01,0.1000,0.1845,-0.0843
Reino Unido,2020-09-01,0.1000,0.5530,-0.4505
Reino Unido,2020-10-01,0.1000,0.7387,-0.6340
Reino Unido,2020-11-01,0.1000,0.3687,-0.2677
Reino Unido,2020-12-01,0.1000,0.6452,-0.5417
Reino Unido,2021-01-01,0.1000,0.7394,-0.6347
Reino Unido,2021-02-01,0.1000,0.4604,-0.3588
Reino Unido,2021-03-01,0.1000,0.7366,-0.6320
Reino Unido,2021-04-01,0.1000,1.4747,-1.3547
Reino Unido,2021-05-01,0.1000,2.1198,-1.9779
Reino Unido,2021-06-01,0.1000,2.4862,-2.3283
Reino Unido,2021-07-01,0.1000,2.0165,-1.8786
Reino Unido,2021-08-01,0.1000,3.2228,-3.0253
Reino Unido,2021-09-01,0.1000,3.0247,-2.8389
Reino Unido,2021-10-01,0.1000,4.1247,-3.8652
Reino Unido,2021-11-01,0.1000,5.1423,-4.7957
Reino Unido,2021-12-01,0.2500,5.4029,-4.8888
Reino Unido,2022-01-01,0.2500,5.4128,-4.8977
Reino Unido,2022-02-01,0.5000,6.1412,-5.3148
Reino Unido,2022-03-01,0.7500,7.0384,-5.8749
Reino Unido,2022-04-01,0.7500,8.9918,-7.5619
Reino Unido,2022-05-01,1.0000,9.0253,-7.3609
Reino Unido,2022-06-01,1.2500,9.4340,-7.4784
Reino Unido,2022-07-01,1.2500,10.0629,-8.0071
Reino Unido,2022-08-01,1.7500,9.8127,-7.3422
Reino Unido,2022-09-01,2.2500,10.1423,-7.1656
Reino Unido,2022-10-01,2.2500,11.0915,-7.9588
Reino Unido,2022-11-01,3.0000,10.6550,-6.9179
Reino Unido,2022-12-01,3.5000,10.5126,-6.3455
Reino Unido,2023-01-01,3.5000,10.0087,-5.9165
Reino Unido,2023-02-01,4.0000,10.4490,-5.8389
Reino Unido,2023-03-01,4.2500,10.0769,-5.2934
Reino Unido,2023-04-01,4.2500,8.6667,-4.0644
Reino Unido,2023-05-01,4.5000,8.6921,-3.8568
Reino Unido,2023-06-01,5.0000,7.9639,-2.7452
Reino Unido,2023-07-01,5.0000,6.8571,-1.7380
Reino Unido,2023-08-01,5.2500,6.6613,-1.3231
Reino Unido,2023-09-01,5.2500,6.6236,-1.2883
Reino Unido,2023-10-01,5.2500,4.5959,0.6254
Reino Unido,2023-11-01,5.2500,3.9463,1.2542
Reino Unido,2023-12-01,5.2500,3.9308,1.2693
Reino Unido,2024-01-01,5.2500,4.0348,1.1681
Reino Unido,2024-02-01,5.2500,3.4402,1.7496
Reino Unido,2024-03-01,5.2500,3.1808,2.0055
Reino Unido,2024-04-01,5.2500,2.3773,2.8060
Reino Unido,2024-05-01,5.2500,1.9802,3.2063
Reino Unido,2024-06-01,5.2500,1.9772,3.2094
Reino Unido,2024-07-01,5.2500,2.2154,2.9688
Reino Unido,2024-08-01,5.0000,2.2848,2.6545
Reino Unido,2024-09-01,5.0000,1.6667,3.2787
Reino Unido,2024-10-01,5.0000,2.2727,2.6667
Reino Unido,2024-11-01,4.7500,2.5816,2.1138
Reino Unido,2024-12-01,4.7500,2.5719,2.1235
Reino Unido,2025-01-01,4.7500,2.9658,1.7328
Reino Unido,2025-02-01,4.5000,2.7967,1.6570
Reino Unido,2025-03-01,4.5000,2.6316,1.8205
Reino Unido,2025-04-01,4.5000,3.5206,0.9461
Reino Unido,2025-05-01,4.2500,3.3607,0.8604
Reino Unido,2025-06-01,4.2500,3.5794,0.6474
Reino Unido,2025-07-01,4.2500,3.8864,0.3500
Reino Unido,2025-08-01,4.0000,3.7230,0.2670
Reino Unido,2025-09-01,4.0000,3.8003,0.1924
Reino Unido,2025-10-01,4.0000,3.5556,0.4292
Reino Unido,2025-11-01,4.0000,3.2568,0.7197
Reino Unido,2025-12-01,3.7500,3.3186,0.4176
Reino Unido,2026-01-01,3.7500,3.0281,0.7007
Reino Unido,2026-02-01,3.7500,3.0147,0.7138
Reino Unido,2026-03-01,3.7500,3.2967,0.4388
Reino Unido,2026-04-01,3.7500,2.8220,0.9025
Reino Unido,2026-05-01,3.7500,2.8902,0.8357
Reino Unido,2026-06-01,3.7500,2.5918,1.1289
Reino Unido,2026-07-01,3.7500,2.8058,0.9185
Reino Unido,2026-08-01,3.7500,3.0869,0.6433
Zona do Euro,2000-01-01,3.0000,1.8434,1.1356
Zona do Euro,2000-02-01,3.2500,1.9398,1.2853
Zona do Euro,2000-03-01,3.5000,1.9596,1.5108
Zona do Euro,2000-04-01,3.7500,1.7153,2.0004
Zona do Euro,2000-05-01,3.7500,1.7513,1.9643
Zona do Euro,2000-06-01,4.2500,2.1394,2.0664
Zona do Euro,2000-07-01,4.2500,2.0982,2.1076
Zona do Euro,2000-08-01,4.2500,2.0709,2.1349
Zona do Euro,2000-09-01,4.5000,2.4062,2.0446
Zona do Euro,2000-10-01,4.7500,2.3925,2.3024
Zona do Euro,2000-11-01,4.7500,2.4390,2.2560
Zona do Euro,2000-12-01,4.7500,2.5056,2.1896
Zona do Euro,2001-01-01,4.7500,2.0084,2.6876
Zona do Euro,2001-02-01,4.7500,1.9647,2.7317
Zona do Euro,2001-03-01,4.7500,2.2052,2.4898
Zona do Euro,2001-04-01,4.7500,2.7326,1.9637
Zona do Euro,2001-05-01,4.5000,3.0981,1.3598
Zona do Euro,2001-06-01,4.5000,2.8662,1.5882
Zona do Euro,2001-07-01,4.5000,2.4954,1.9558
Zona do Euro,2001-08-01,4.2500,2.3222,1.8841
Zona do Euro,2001-09-01,3.7500,2.1914,1.5252
Zona do Euro,2001-10-01,3.7500,2.2393,1.4777
Zona do Euro,2001-11-01,3.2500,1.9801,1.2453
Zona do Euro,2001-12-01,3.2500,2.0450,1.1808
Zona do Euro,2002-01-01,3.2500,2.6252,0.6088
Zona do Euro,2002-02-01,3.2500,2.4721,0.7591
Zona do Euro,2002-03-01,3.2500,2.5072,0.7246
Zona do Euro,2002-04-01,3.2500,2.3604,0.8691
Zona do Euro,2002-05-01,3.2500,2.0510,1.1749
Zona do Euro,2002-06-01,3.2500,1.8576,1.3670
Zona do Euro,2002-07-01,3.2500,1.9931,1.2324
Zona do Euro,2002-08-01,3.2500,2.1381,1.0886
Zona do Euro,2002-09-01,3.2500,2.1206,1.1060
Zona do Euro,2002-10-01,3.2500,2.2854,0.9430
Zona do Euro,2002-11-01,3.2500,2.2752,0.9532
Zona do Euro,2002-12-01,2.7500,2.3123,0.4278
Zona do Euro,2003-01-01,2.7500,2.1080,0.6287
Zona do Euro,2003-02-01,2.7500,2.3770,0.3643
Zona do Euro,2003-03-01,2.5000,2.3754,0.1218
Zona do Euro,2003-04-01,2.5000,2.0602,0.4310
Zona do Euro,2003-05-01,2.5000,1.8112,0.6766
Zona do Euro,2003-06-01,2.0000,1.9874,0.0124
Zona do Euro,2003-07-01,2.0000,1.9190,0.0794
Zona do Euro,2003-08-01,2.0000,2.0232,-0.0227
Zona do Euro,2003-09-01,2.0000,2.1349,-0.1320
Zona do Euro,2003-10-01,2.0000,2.0249,-0.0244
Zona do Euro,2003-11-01,2.0000,2.1547,-0.1514
Zona do Euro,2003-12-01,2.0000,1.9819,0.0177
Zona do Euro,2004-01-01,2.0000,1.7977,0.1987
Zona do Euro,2004-02-01,2.0000,1.6287,0.3653
Zona do Euro,2004-03-01,2.0000,1.7000,0.2950
Zona do Euro,2004-04-01,2.0000,2.0530,-0.0519
Zona do Euro,2004-05-01,2.0000,2.4446,-0.4340
Zona do Euro,2004-06-01,2.0000,2.3842,-0.3753
Zona do Euro,2004-07-01,2.0000,2.3192,-0.3119
Zona do Euro,2004-08-01,2.0000,2.3613,-0.3530
Zona do Euro,2004-09-01,2.0000,2.1131,-0.1107
Zona do Euro,2004-10-01,2.0000,2.3611,-0.3528
Zona do Euro,2004-11-01,2.0000,2.2574,-0.2518
Zona do Euro,2004-12-01,2.0000,2.3298,-0.3223
Zona do Euro,2005-01-01,2.0000,1.9141,0.0843
Zona do Euro,2005-02-01,2.0000,2.0573,-0.0561
Zona do Euro,2005-03-01,2.0000,2.1572,-0.1539
Zona do Euro,2005-04-01,2.0000,2.0904,-0.0885
Zona do Euro,2005-05-01,2.0000,1.9830,0.0167
Zona do Euro,2005-06-01,2.0000,2.0264,-0.0259
Zona do Euro,2005-07-01,2.0000,2.1432,-0.1402
Zona do Euro,2005-08-01,2.0000,2.1837,-0.1797
Zona do Euro,2005-09-01,2.0000,2.5951,-0.5800
Zona do Euro,2005-10-01,2.0000,2.4515,-0.4407
Zona do Euro,2005-11-01,2.0000,2.2968,-0.2901
Zona do Euro,2005-12-01,2.2500,2.2323,0.0173
Zona do Euro,2006-01-01,2.2500,2.4483,-0.1936
Zona do Euro,2006-02-01,2.2500,2.3499,-0.0976
Zona do Euro,2006-03-01,2.5000,2.1891,0.3043
Zona do Euro,2006-04-01,2.5000,2.4328,0.0656
Zona do Euro,2006-05-01,2.5000,2.4937,0.0062
Zona do Euro,2006-06-01,2.7500,2.4580,0.2850
Zona do Euro,2006-07-01,2.7500,2.4497,0.2931
Zona do Euro,2006-08-01,3.0000,2.2904,0.6937
Zona do Euro,2006-09-01,3.0000,1.7662,1.2123
Zona do Euro,2006-10-01,3.2500,1.5989,1.6251
Zona do Euro,2006-11-01,3.2500,1.8529,1.3717
Zona do Euro,2006-12-01,3.5000,1.9120,1.5582
Zona do Euro,2007-01-01,3.5000,1.8442,1.6258
Zona do Euro,2007-02-01,3.5000,1.8498,1.6202
Zona do Euro,2007-03-01,3.7500,1.9366,1.7789
Zona do Euro,2007-04-01,3.7500,1.9022,1.8133
Zona do Euro,2007-05-01,3.7500,1.8650,1.8505
Zona do Euro,2007-06-01,4.0000,1.8957,2.0652
Zona do Euro,2007-07-01,4.0000,1.7585,2.2027
Zona do Euro,2007-08-01,4.0000,1.7463,2.2150
Zona do Euro,2007-09-01,4.0000,2.1213,1.8397
Zona do Euro,2007-10-01,4.0000,2.5479,1.4160
Zona do Euro,2007-11-01,4.0000,3.0498,0.9221
Zona do Euro,2007-12-01,4.0000,3.0594,0.9127
Zona do Euro,2008-01-01,4.0000,3.1930,0.7821
Zona do Euro,2008-02-01,4.0000,3.2692,0.7076
Zona do Euro,2008-03-01,4.0000,3.5873,0.3984
Zona do Euro,2008-04-01,4.0000,3.2588,0.7178
Zona do Euro,2008-05-01,4.0000,3.6616,0.3264
Zona do Euro,2008-06-01,4.0000,3.9521,0.0461
Zona do Euro,2008-07-01,4.2500,4.0674,0.1754
Zona do Euro,2008-08-01,4.2500,3.8328,0.4018
Zona do Euro,2008-09-01,4.2500,3.6509,0.5780
Zona do Euro,2008-10-01,3.7500,3.1527,0.5790
Zona do Euro,2008-11-01,3.2500,2.1184,1.1081
Zona do Euro,2008-12-01,2.5000,1.5929,0.8929
Zona do Euro,2009-01-01,2.0000,1.1214,0.8689
Zona do Euro,2009-02-01,2.0000,1.1690,0.8214
Zona do Euro,2009-03-01,1.5000,0.5738,0.9209
Zona do Euro,2009-04-01,1.2500,0.6128,0.6333
Zona do Euro,2009-05-01,1.0000,0.0406,0.9590
Zona do Euro,2009-06-01,1.0000,-0.1416,1.1432
Zona do Euro,2009-07-01,1.0000,-0.6582,1.6691
Zona do Euro,2009-08-01,1.0000,-0.1724,1.1744
Zona do Euro,2009-09-01,1.0000,-0.3340,1.3385
Zona do Euro,2009-10-01,1.0000,-0.1113,1.1126
Zona do Euro,2009-11-01,1.0000,0.4779,0.5196
Zona do Euro,2009-12-01,1.0000,0.9265,0.0728
Zona do Euro,2010-01-01,1.0000,0.9549,0.0446
Zona do Euro,2010-02-01,1.0000,0.8488,0.1500
Zona do Euro,2010-03-01,1.0000,1.5791,-0.5701
Zona do Euro,2010-04-01,1.0000,1.6445,-0.6341
Zona do Euro,2010-05-01,1.0000,1.7045,-0.6927
Zona do Euro,2010-06-01,1.0000,1.4986,-0.4912
Zona do Euro,2010-07-01,1.0000,1.7327,-0.7203
Zona do Euro,2010-08-01,1.0000,1.5847,-0.5756
Zona do Euro,2010-09-01,1.0000,1.8686,-0.8527
Zona do Euro,2010-10-01,1.0000,1.9352,-0.9174
Zona do Euro,2010-11-01,1.0000,1.9229,-0.9055
Zona do Euro,2010-12-01,1.0000,2.2092,-1.1831
Zona do Euro,2011-01-01,1.0000,2.2986,-1.2694
Zona do Euro,2011-02-01,1.0000,2.4234,-1.3898
Zona do Euro,2011-03-01,1.0000,2.6778,-1.6340
Zona do Euro,2011-04-01,1.2500,2.8163,-1.5234
Zona do Euro,2011-05-01,1.2500,2.7135,-1.4248
Zona do Euro,2011-06-01,1.2500,2.7035,-1.4153
Zona do Euro,2011-07-01,1.5000,2.5448,-1.0189
Zona do Euro,2011-08-01,1.5000,2.5500,-1.0239
Zona do Euro,2011-09-01,1.5000,2.9907,-1.4474
Zona do Euro,2011-10-01,1.5000,3.0414,-1.4959
Zona do Euro,2011-11-01,1.2500,3.0186,-1.7167
Zona do Euro,2011-12-01,1.0000,2.7537,-1.7067
Zona do Euro,2012-01-01,1.0000,2.6546,-1.6118
Zona do Euro,2012-02-01,1.0000,2.7423,-1.6958
Zona do Euro,2012-03-01,1.0000,2.6763,-1.6326
Zona do Euro,2012-04-01,1.0000,2.5741,-1.5346
Zona do Euro,2012-05-01,1.0000,2.4281,-1.3943
Zona do Euro,2012-06-01,1.0000,2.3604,-1.3290
Zona do Euro,2012-07-01,0.7500,2.4231,-1.6335
Zona do Euro,2012-08-01,0.7500,2.6134,-1.8159
Zona do Euro,2012-09-01,0.7500,2.5941,-1.7975
Zona do Euro,2012-10-01,0.7500,2.4887,-1.6964
Zona do Euro,2012-11-01,0.7500,2.1976,-1.4165
Zona do Euro,2012-12-01,0.7500,2.2188,-1.4369
Zona do Euro,2013-01-01,0.7500,1.9952,-1.2208
Zona do Euro,2013-02-01,0.7500,1.8501,-1.0801
Zona do Euro,2013-03-01,0.7500,1.7314,-0.9647
Zona do Euro,2013-04-01,0.7500,1.1837,-0.4286
Zona do Euro,2013-05-01,0.5000,1.4223,-0.9094
Zona do Euro,2013-06-01,0.5000,1.6132,-1.0955
Zona do Euro,2013-07-01,0.5000,1.5931,-1.0759
Zona do Euro,2013-08-01,0.5000,1.3399,-0.8288
Zona do Euro,2013-09-01,0.5000,1.0944,-0.5880
Zona do Euro,2013-10-01,0.5000,0.7247,-0.2231
Zona do Euro,2013-11-01,0.2500,0.8582,-0.6031
Zona do Euro,2013-12-01,0.2500,0.8457,-0.5907
Zona do Euro,2014-01-01,0.2500,0.7597,-0.5058
Zona do Euro,2014-02-01,0.2500,0.7001,-0.4470
Zona do Euro,2014-03-01,0.2500,0.4676,-0.2165
Zona do Euro,2014-04-01,0.2500,0.7113,-0.4580
Zona do Euro,2014-05-01,0.2500,0.4955,-0.2443
Zona do Euro,2014-06-01,0.1500,0.4950,-0.3433
Zona do Euro,2014-07-01,0.1500,0.3756,-0.2247
Zona do Euro,2014-08-01,0.1500,0.3563,-0.2056
Zona do Euro,2014-09-01,0.0500,0.3173,-0.2665
Zona do Euro,2014-10-01,0.0500,0.3925,-0.3411
Zona do Euro,2014-11-01,0.0500,0.2899,-0.2392
Zona do Euro,2014-12-01,0.0500,-0.1677,0.2181
Zona do Euro,2015-01-01,0.0500,-0.5937,0.6476
Zona do Euro,2015-02-01,0.0500,-0.2818,0.3328
Zona do Euro,2015-03-01,0.0500,-0.0652,0.1152
Zona do Euro,2015-04-01,0.0500,0.2044,-0.1541
Zona do Euro,2015-05-01,0.0500,0.5954,-0.5422
Zona do Euro,2015-06-01,0.0500,0.4925,-0.4404
Zona do Euro,2015-07-01,0.0500,0.5519,-0.4992
Zona do Euro,2015-08-01,0.0500,0.4392,-0.3875
Zona do Euro,2015-09-01,0.0500,0.2140,-0.1636
Zona do Euro,2015-10-01,0.0500,0.3816,-0.3303
Zona do Euro,2015-11-01,0.0500,0.1212,-0.0711
Zona do Euro,2015-12-01,0.0500,0.2427,-0.1922
Zona do Euro,2016-01-01,0.0500,0.3223,-0.2715
Zona do Euro,2016-02-01,0.0500,-0.1319,0.1821
Zona do Euro,2016-03-01,0.0000,-0.0373,0.0373
Zona do Euro,2016-04-01,0.0000,-0.2597,0.2603
Zona do Euro,2016-05-01,0.0000,-0.1110,0.1111
Zona do Euro,2016-06-01,0.0000,0.0555,-0.0555
Zona do Euro,2016-07-01,0.0000,0.1675,-0.1672
Zona do Euro,2016-08-01,0.0000,0.2233,-0.2228
Zona do Euro,2016-09-01,0.0000,0.3899,-0.3884
Zona do Euro,2016-10-01,0.0000,0.5007,-0.4982
Zona do Euro,2016-11-01,0.0000,0.5867,-0.5833
Zona do Euro,2016-12-01,0.0000,1.1080,-1.0959
Zona do Euro,2017-01-01,0.0000,1.7294,-1.7000
Zona do Euro,2017-02-01,0.0000,1.9623,-1.9245
Zona do Euro,2017-03-01,0.0000,1.5280,-1.5050
Zona do Euro,2017-04-01,0.0000,1.9061,-1.8704
Zona do Euro,2017-05-01,0.0000,1.3795,-1.3607
Zona do Euro,2017-06-01,0.0000,1.2939,-1.2774
Zona do Euro,2017-07-01,0.0000,1.3374,-1.3198
Zona do Euro,2017-08-01,0.0000,1.5409,-1.5175
Zona do Euro,2017-09-01,0.0000,1.5628,-1.5387
Zona do Euro,2017-10-01,0.0000,1.3839,-1.3650
Zona do Euro,2017-11-01,0.0000,1.5369,-1.5136
Zona do Euro,2017-12-01,0.0000,1.3353,-1.3177
Zona do Euro,2018-01-01,0.0000,1.2912,-1.2748
Zona do Euro,2018-02-01,0.0000,1.1103,-1.0981
Zona do Euro,2018-03-01,0.0000,1.3949,-1.3757
Zona do Euro,2018-04-01,0.0000,1.2226,-1.2079
Zona do Euro,2018-05-01,0.0000,1.9543,-1.9169
Zona do Euro,2018-06-01,0.0000,1.9799,-1.9415
Zona do Euro,2018-07-01,0.0000,2.1904,-2.1435
Zona do Euro,2018-08-01,0.0000,2.0843,-2.0417
Zona do Euro,2018-09-01,0.0000,2.0759,-2.0337
Zona do Euro,2018-10-01,0.0000,2.2750,-2.2244
Zona do Euro,2018-11-01,0.0000,1.9148,-1.8789
Zona do Euro,2018-12-01,0.0000,1.5267,-1.5038
Zona do Euro,2019-01-01,0.0000,1.3940,-1.3748
Zona do Euro,2019-02-01,0.0000,1.4916,-1.4697
Zona do Euro,2019-03-01,0.0000,1.4028,-1.3834
Zona do Euro,2019-04-01,0.0000,1.7126,-1.6838
Zona do Euro,2019-05-01,0.0000,1.2182,-1.2035
Zona do Euro,2019-06-01,0.0000,1.2615,-1.2458
Zona do Euro,2019-07-01,0.0000,1.0314,-1.0209
Zona do Euro,2019-08-01,0.0000,1.0119,-1.0018
Zona do Euro,2019-09-01,0.0000,0.8385,-0.8315
Zona do Euro,2019-10-01,0.0000,0.7207,-0.7155
Zona do Euro,2019-11-01,0.0000,0.9573,-0.9482
Zona do Euro,2019-12-01,0.0000,1.3247,-1.3074
Zona do Euro,2020-01-01,0.0000,1.3658,-1.3474
Zona do Euro,2020-02-01,0.0000,1.2172,-1.2026
Zona do Euro,2020-03-01,0.0000,0.7408,-0.7354
Zona do Euro,2020-04-01,0.0000,0.3190,-0.3180
Zona do Euro,2020-05-01,0.0000,0.0796,-0.0796
Zona do Euro,2020-06-01,0.0000,0.2651,-0.2644
Zona do Euro,2020-07-01,0.0000,0.3817,-0.3803
Zona do Euro,2020-08-01,0.0000,-0.1684,0.1687
Zona do Euro,2020-09-01,0.0000,-0.3184,0.3195
Zona do Euro,2020-10-01,0.0000,-0.2650,0.2657
Zona do Euro,2020-11-01,0.0000,-0.2747,0.2755
Zona do Euro,2020-12-01,0.0000,-0.2650,0.2657
Zona do Euro,2021-01-01,0.0000,0.9012,-0.8932
Zona do Euro,2021-02-01,0.0000,0.9353,-0.9267
Zona do Euro,2021-03-01,0.0000,1.3378,-1.3202
Zona do Euro,2021-04-01,0.0000,1.6166,-1.5909
Zona do Euro,2021-05-01,0.0000,1.9807,-1.9423
Zona do Euro,2021-06-01,0.0000,1.9034,-1.8679
Zona do Euro,2021-07-01,0.0000,2.1755,-2.1291
Zona do Euro,2021-08-01,0.0000,2.9571,-2.8722
Zona do Euro,2021-09-01,0.0000,3.3632,-3.2538
Zona do Euro,2021-10-01,0.0000,4.0567,-3.8985
Zona do Euro,2021-11-01,0.0000,4.8609,-4.6356
Zona do Euro,2021-12-01,0.0000,4.9601,-4.7257
Zona do Euro,2022-01-01,0.0000,5.1114,-4.8629
Zona do Euro,2022-02-01,0.0000,5.8865,-5.5593
Zona do Euro,2022-03-01,0.0000,7.4401,-6.9249
Zona do Euro,2022-04-01,0.0000,7.4502,-6.9337
Zona do Euro,2022-05-01,0.0000,8.0551,-7.4547
Zona do Euro,2022-06-01,0.0000,8.6389,-7.9519
Zona do Euro,2022-07-01,0.5000,8.8541,-7.6746
Zona do Euro,2022-08-01,0.5000,9.1340,-7.9114
Zona do Euro,2022-09-01,1.2500,9.9330,-7.8985
Zona do Euro,2022-10-01,1.2500,10.6061,-8.4589
Zona do Euro,2022-11-01,2.0000,10.0508,-7.3156
Zona do Euro,2022-12-01,2.5000,9.2068,-6.1413
Zona do Euro,2023-01-01,2.5000,8.6404,-5.6521
Zona do Euro,2023-02-01,3.0000,8.5014,-5.0704
Zona do Euro,2023-03-01,3.5000,6.8842,-3.1662
Zona do Euro,2023-04-01,3.5000,6.9417,-3.2183
Zona do Euro,2023-05-01,3.7500,6.1066,-2.2209
Zona do Euro,2023-06-01,4.0000,5.5242,-1.4444
Zona do Euro,2023-07-01,4.0000,5.3113,-1.2451
Zona do Euro,2023-08-01,4.2500,5.2478,-0.9480
Zona do Euro,2023-09-01,4.5000,4.3264,0.1664
Zona do Euro,2023-10-01,4.5000,2.9090,1.5460
Zona do Euro,2023-11-01,4.5000,2.3949,2.0559
Zona do Euro,2023-12-01,4.5000,2.9209,1.5342
Zona do Euro,2024-01-01,4.5000,2.7724,1.6810
Zona do Euro,2024-02-01,4.5000,2.5810,1.8707
Zona do Euro,2024-03-01,4.5000,2.4362,2.0147
Zona do Euro,2024-04-01,4.5000,2.3755,2.0752
Zona do Euro,2024-05-01,4.5000,2.5562,1.8954
Zona do Euro,2024-06-01,4.2500,2.5119,1.6955
Zona do Euro,2024-07-01,4.2500,2.5897,1.6184
Zona do Euro,2024-08-01,4.2500,2.1702,2.0357
Zona do Euro,2024-09-01,3.5000,1.7516,1.7183
Zona do Euro,2024-10-01,3.2500,2.0042,1.2213
Zona do Euro,2024-11-01,3.2500,2.2486,0.9794
Zona do Euro,2024-12-01,3.0000,2.4326,0.5539
Zona do Euro,2025-01-01,3.0000,2.5243,0.4640
Zona do Euro,2025-02-01,2.7500,2.3214,0.4189
Zona do Euro,2025-03-01,2.5000,2.1776,0.3155
Zona do Euro,2025-04-01,2.2500,2.1652,0.0830
Zona do Euro,2025-05-01,2.2500,1.8951,0.3483
Zona do Euro,2025-06-01,2.0000,1.9868,0.0130
Zona do Euro,2025-07-01,2.0000,2.0312,-0.0306
Zona do Euro,2025-08-01,2.0000,2.0359,-0.0352
Zona do Euro,2025-09-01,2.0000,2.2291,-0.2241
Zona do Euro,2025-10-01,2.0000,2.0968,-0.0948
Zona do Euro,2025-11-01,2.0000,2.1330,-0.1302
Zona do Euro,2025-12-01,2.0000,1.9644,0.0349
Zona do Euro,2026-01-01,2.0000,1.6757,0.3189
Zona do Euro,2026-02-01,2.0000,1.8882,0.1098
Zona do Euro,2026-03-01,2.0000,2.5531,-0.5393
Zona do Euro,2026-04-01,2.0000,3.0307,-1.0004
Zona do Euro,2026-05-01,2.0000,3.1770,-1.1408
Zona do Euro,2026-06-01,2.2500,2.7489,-0.4856
Zona do Euro,2026-07-01,2.2500,2.9429,-0.6731
Zona do Euro,2026-08-01,2.2500,3.2486,-0.9672
Índia,2000-01-01,8.0000,3.5486,4.2988
Índia,2000-02-01,8.0000,3.4612,4.3869
Índia,2000-03-01,8.0000,5.5071,2.3627
Índia,2000-04-01,7.0000,6.5290,0.4421
Índia,2000-05-01,7.0000,6.3005,0.6581
Índia,2000-06-01,7.0000,6.5594,0.4135
Índia,2000-07-01,8.0000,6.5410,1.3694
Índia,2000-08-01,8.0000,6.0852,1.8050
Índia,2000-09-01,8.0000,6.4692,1.4378
Índia,2000-10-01,8.0000,7.4851,0.4790
Índia,2000-11-01,8.0000,7.6195,0.3536
Índia,2000-12-01,8.0000,8.4882,-0.4500
Índia,2001-01-01,8.0000,8.7054,-0.6489
Índia,2001-02-01,7.5000,8.3357,-0.7714
Índia,2001-03-01,7.0000,6.4197,0.5453
Índia,2001-04-01,8.7500,5.4094,3.1692
Índia,2001-05-01,8.7500,5.5990,2.9839
Índia,2001-06-01,8.5000,5.3024,3.0366
Índia,2001-07-01,8.5000,5.2217,3.1157
Índia,2001-08-01,8.5000,5.4071,2.9343
Índia,2001-09-01,8.5000,4.5240,3.8039
Índia,2001-10-01,8.5000,2.9160,5.4258
Índia,2001-11-01,8.5000,2.5914,5.7593
Índia,2001-12-01,8.5000,2.0830,6.2861
Índia,2002-01-01,8.5000,1.5139,6.8819
Índia,2002-02-01,8.5000,1.3849,7.0179
Índia,2002-03-01,8.0000,1.7621,6.1299
Índia,2002-04-01,8.0000,1.4973,6.4068
Índia,2002-05-01,8.0000,1.5617,6.3393
Índia,2002-06-01,8.0000,2.4265,5.4415
Índia,2002-07-01,8.0000,2.7946,5.0639
Índia,2002-08-01,8.0000,3.3411,4.5083
Índia,2002-09-01,8.0000,3.5267,4.3209
Índia,2002-10-01,8.0000,3.0769,4.7762
Índia,2002-11-01,7.5000,3.3918,3.9735
Índia,2002-12-01,7.5000,3.3390,4.0266
Índia,2003-01-01,7.5000,4.2240,3.1432
Índia,2003-02-01,7.5000,5.3493,2.0415
Índia,2003-03-01,7.0000,5.9912,0.9518
Índia,2003-04-01,7.0000,6.6574,0.3212
Índia,2003-05-01,7.0000,6.5111,0.4590
Índia,2003-06-01,7.0000,5.3427,1.5732
Índia,2003-07-01,7.0000,4.7123,2.1848
Índia,2003-08-01,7.0000,3.9515,2.9326
Índia,2003-09-01,7.0000,4.8979,2.0039
Índia,2003-10-01,7.0000,5.1311,1.7777
Índia,2003-11-01,7.0000,5.4228,1.4961
Índia,2003-12-01,7.0000,5.7400,1.1916
Índia,2004-01-01,7.0000,6.4959,0.4733
Índia,2004-02-01,7.0000,6.1408,0.8095
Índia,2004-03-01,6.0000,4.7780,1.1663
Índia,2004-04-01,6.0000,4.5041,1.4314
Índia,2004-05-01,6.0000,4.8582,1.0889
Índia,2004-06-01,6.0000,5.0167,0.9363
Índia,2004-07-01,6.0000,6.1445,-0.1362
Índia,2004-08-01,6.0000,7.4534,-1.3526
Índia,2004-09-01,6.0000,6.1881,-0.1771
Índia,2004-10-01,6.0000,6.1009,-0.0951
Índia,2004-11-01,6.0000,6.4548,-0.4273
Índia,2004-12-01,6.0000,5.4670,0.5053
Índia,2005-01-01,6.0000,4.8630,1.0843
Índia,2005-02-01,6.0000,4.3249,1.6057
Índia,2005-03-01,6.0000,4.7384,1.2045
Índia,2005-04-01,6.0000,5.4374,0.5336
Índia,2005-05-01,6.0000,4.5918,1.3463
Índia,2005-06-01,6.0000,4.7845,1.1600
Índia,2005-07-01,6.0000,4.8364,1.1099
Índia,2005-08-01,6.0000,3.4792,2.4361
Índia,2005-09-01,6.0000,4.2801,1.6493
Índia,2005-10-01,6.2500,4.4686,1.7052
Índia,2005-11-01,6.2500,3.8431,2.3178
Índia,2005-12-01,6.2500,4.1813,1.9857
Índia,2006-01-01,6.5000,4.1606,2.2460
Índia,2006-02-01,6.5000,4.2547,2.1537
Índia,2006-03-01,6.5000,3.9409,2.4621
Índia,2006-04-01,6.5000,4.6670,1.7512
Índia,2006-05-01,6.5000,5.8537,0.6106
Índia,2006-06-01,6.7500,6.6097,0.1316
Índia,2006-07-01,7.0000,6.3454,0.6155
Índia,2006-08-01,7.0000,6.9186,0.0761
Índia,2006-09-01,7.0000,6.8687,0.1228
Índia,2006-10-01,7.2500,6.9369,0.2928
Índia,2006-11-01,7.2500,6.6413,0.5708
Índia,2006-12-01,7.2500,7.0649,0.1729
Índia,2007-01-01,7.5000,6.7482,0.7043
Índia,2007-02-01,7.5000,6.6413,0.8052
Índia,2007-03-01,7.5000,6.8267,0.6302
Índia,2007-04-01,7.7500,6.3211,1.3439
Índia,2007-05-01,7.7500,5.6214,2.0153
Índia,2007-06-01,7.7500,4.6483,2.9639
Índia,2007-07-01,7.7500,4.5208,3.0895
Índia,2007-08-01,7.7500,4.1323,3.4742
Índia,2007-09-01,7.7500,3.5714,4.0345
Índia,2007-10-01,7.7500,3.3791,4.2280
Índia,2007-11-01,7.7500,3.8269,3.7785
Índia,2007-12-01,7.7500,4.0143,3.5915
Índia,2008-01-01,7.7500,4.4523,3.1571
Índia,2008-02-01,7.7500,5.6946,1.9447
Índia,2008-03-01,7.7500,7.7182,0.0296
Índia,2008-04-01,7.7500,7.9539,-0.1888
Índia,2008-05-01,7.7500,8.2031,-0.4188
Índia,2008-06-01,8.5000,10.8884,-2.1538
Índia,2008-07-01,9.0000,11.2457,-2.0187
Índia,2008-08-01,9.0000,11.2165,-1.9930
Índia,2008-09-01,9.0000,10.7759,-1.6031
Índia,2008-10-01,8.0000,10.5741,-2.3279
Índia,2008-11-01,7.5000,8.5688,-0.9845
Índia,2008-12-01,6.5000,6.6057,-0.0992
Índia,2009-01-01,5.5000,5.8829,-0.3616
Índia,2009-02-01,5.5000,3.4505,1.9811
Índia,2009-03-01,5.0000,1.4839,3.4647
Índia,2009-04-01,4.7500,0.8901,3.8259
Índia,2009-05-01,4.7500,1.2097,3.4980
Índia,2009-06-01,4.7500,-0.7076,5.4965
Índia,2009-07-01,4.7500,-0.6204,5.4039
Índia,2009-08-01,4.7500,0.3109,4.4254
Índia,2009-09-01,4.7500,1.0901,3.6205
Índia,2009-10-01,4.7500,1.4780,3.2243
Índia,2009-11-01,4.7500,4.4976,0.2416
Índia,2009-12-01,4.7500,6.9181,-2.0278
Índia,2010-01-01,4.7500,8.5339,-3.4864
Índia,2010-02-01,4.7500,9.6832,-4.4977
Índia,2010-03-01,5.0000,10.2265,-4.7416
Índia,2010-04-01,5.2500,10.9970,-5.1776
Índia,2010-05-01,5.2500,10.5988,-4.8362
Índia,2010-06-01,5.2500,10.2848,-4.5652
Índia,2010-07-01,5.7500,9.7808,-3.6717
Índia,2010-08-01,5.7500,8.8172,-2.8186
Índia,2010-09-01,6.0000,8.9293,-2.6892
Índia,2010-10-01,6.0000,9.1193,-2.8586
Índia,2010-11-01,6.2500,8.0804,-1.6936
Índia,2010-12-01,6.2500,9.8564,-3.2829
Índia,2011-01-01,6.5000,9.7911,-2.9976
Índia,2011-02-01,6.5000,9.8647,-3.0626
Índia,2011-03-01,6.7500,10.0872,-3.0314
Índia,2011-04-01,6.7500,9.9766,-2.9339
Índia,2011-05-01,7.2500,9.7976,-2.3203
Índia,2011-06-01,7.5000,9.8267,-2.1185
Índia,2011-07-01,8.0000,9.9078,-1.7358
Índia,2011-08-01,8.0000,10.0912,-1.8995
Índia,2011-09-01,8.2500,10.3903,-1.9388
Índia,2011-10-01,8.5000,10.2522,-1.5893
Índia,2011-11-01,8.5000,9.9941,-1.3583
Índia,2011-12-01,8.5000,7.7407,0.7047
Índia,2012-01-01,8.5000,7.2312,1.1832
Índia,2012-02-01,8.5000,7.5640,0.8702
Índia,2012-03-01,8.5000,7.6923,0.7500
Índia,2012-04-01,8.0000,7.4956,0.4692
Índia,2012-05-01,8.0000,7.5459,0.4222
Índia,2012-06-01,8.0000,7.5787,0.3916
Índia,2012-07-01,8.0000,7.5221,0.4445
Índia,2012-08-01,8.0000,8.0056,-0.0052
Índia,2012-09-01,8.0000,8.0660,-0.0611
Índia,2012-10-01,8.0000,7.3248,0.6291
Índia,2012-11-01,8.0000,7.2431,0.7058
Índia,2012-12-01,8.0000,7.3108,0.6422
Índia,2013-01-01,7.7500,4.9901,2.6288
Índia,2013-02-01,7.7500,5.3544,2.2738
Índia,2013-03-01,7.5000,4.4308,2.9390
Índia,2013-04-01,7.5000,3.3888,3.9764
Índia,2013-05-01,7.2500,3.8740,3.2501
Índia,2013-06-01,7.2500,5.7554,1.4133
Índia,2013-07-01,7.2500,6.6957,0.5195
Índia,2013-08-01,7.2500,7.0044,0.2296
Índia,2013-09-01,7.5000,7.3075,0.1794
Índia,2013-10-01,7.7500,8.5763,-0.7610
Índia,2013-11-01,7.7500,9.8155,-1.8809
Índia,2013-12-01,7.7500,8.0241,-0.2537
Índia,2014-01-01,8.0000,8.5299,-0.4883
Índia,2014-02-01,8.0000,7.7477,0.2341
Índia,2014-03-01,8.0000,8.0935,-0.0865
Índia,2014-04-01,8.0000,8.4079,-0.3762
Índia,2014-05-01,8.0000,8.3481,-0.3213
Índia,2014-06-01,8.0000,6.7708,1.1512
Índia,2014-07-01,8.0000,7.3504,0.6051
Índia,2014-08-01,8.0000,7.0946,0.8454
Índia,2014-09-01,8.0000,5.6761,2.1991
Índia,2014-10-01,8.0000,4.6281,3.2227
Índia,2014-11-01,8.0000,3.2626,4.5877
Índia,2014-12-01,8.0000,4.3118,3.5358
Índia,2015-01-01,7.7500,5.1839,2.4396
Índia,2015-02-01,7.7500,5.3512,2.2770
Índia,2015-03-01,7.5000,5.3245,2.0656
Índia,2015-04-01,7.5000,4.9505,2.4292
Índia,2015-05-01,7.5000,4.9180,2.4609
Índia,2015-06-01,7.2500,5.3659,1.7882
Índia,2015-07-01,7.2500,3.6624,3.4608
Índia,2015-08-01,7.2500,3.6278,3.4954
Índia,2015-09-01,6.7500,4.2654,2.3830
Índia,2015-10-01,6.7500,4.8973,1.7662
Índia,2015-11-01,6.7500,5.3712,1.3085
Índia,2015-12-01,6.7500,5.5644,1.1231
Índia,2016-01-01,6.7500,5.7234,0.9711
Índia,2016-02-01,6.7500,5.3968,1.2839
Índia,2016-03-01,6.7500,4.8973,1.7662
Índia,2016-04-01,6.5000,5.3459,1.0955
Índia,2016-05-01,6.5000,5.7812,0.6795
Índia,2016-06-01,6.5000,5.7099,0.7474
Índia,2016-07-01,6.5000,6.1444,0.3350
Índia,2016-08-01,6.5000,5.1750,1.2598
Índia,2016-09-01,6.5000,4.3939,2.0174
Índia,2016-10-01,6.2500,4.2169,1.9509
Índia,2016-11-01,6.2500,3.5982,2.5597
Índia,2016-12-01,6.2500,3.4639,2.6929
Índia,2017-01-01,6.2500,3.1579,2.9974
Índia,2017-02-01,6.2500,3.6145,2.5436
Índia,2017-03-01,6.2500,3.7651,2.3948
Índia,2017-04-01,6.2500,3.1343,3.0210
Índia,2017-05-01,6.2500,2.2157,3.9469
Índia,2017-06-01,6.2500,1.4599,4.7212
Índia,2017-07-01,6.2500,2.3155,3.8455
Índia,2017-08-01,6.0000,3.1838,2.7293
Índia,2017-09-01,6.0000,3.3382,2.5758
Índia,2017-10-01,6.0000,3.6127,2.3040
Índia,2017-11-01,6.0000,4.9204,1.0290
Índia,2017-12-01,6.0000,5.2402,0.7220
Índia,2018-01-01,6.0000,5.1020,0.8544
Índia,2018-02-01,6.0000,4.3605,1.5710
Índia,2018-03-01,6.0000,4.3541,1.5772
Índia,2018-04-01,6.0000,4.4863,1.4488
Índia,2018-05-01,6.0000,4.9133,1.0358
Índia,2018-06-01,6.2500,4.8921,1.2946
Índia,2018-07-01,6.2500,4.1018,2.0635
Índia,2018-08-01,6.5000,3.6466,2.7530
Índia,2018-09-01,6.5000,3.6517,2.7480
Índia,2018-10-01,6.5000,3.3473,3.0506
Índia,2018-11-01,6.5000,2.3448,4.0600
Índia,2018-12-01,6.5000,2.0747,4.3354
Índia,2019-01-01,6.5000,1.9417,4.4714
Índia,2019-02-01,6.2500,2.6462,3.5109
Índia,2019-03-01,6.2500,2.7816,3.3745
Índia,2019-04-01,6.0000,3.0471,2.8656
Índia,2019-05-01,6.0000,3.0303,2.8824
Índia,2019-06-01,5.7500,3.2922,2.3795
Índia,2019-07-01,5.7500,3.2609,2.4105
Índia,2019-08-01,5.4000,3.3830,1.9510
Índia,2019-09-01,5.4000,4.0650,1.2828
Índia,2019-10-01,5.1500,4.5884,0.5370
Índia,2019-11-01,5.1500,5.5256,-0.3559
Índia,2019-12-01,5.1500,7.3171,-2.0193
Índia,2020-01-01,5.1500,7.6190,-2.2942
Índia,2020-02-01,5.1500,6.5129,-1.2796
Índia,2020-03-01,4.4000,5.9540,-1.4667
Índia,2020-04-01,4.4000,7.1237,-2.5425
Índia,2020-05-01,4.0000,6.2834,-2.1484
Índia,2020-06-01,4.0000,6.2417,-2.1100
Índia,2020-07-01,4.0000,6.7105,-2.5401
Índia,2020-08-01,4.0000,6.6754,-2.5080
Índia,2020-09-01,4.0000,7.2917,-3.0680
Índia,2020-10-01,4.0000,7.6129,-3.3573
Índia,2020-11-01,4.0000,6.8966,-2.7097
Índia,2020-12-01,4.0000,4.5455,-0.5217
Índia,2021-01-01,4.0000,4.0455,-0.0437
Índia,2021-02-01,4.0000,5.0955,-1.0424
Índia,2021-03-01,4.0000,5.4917,-1.4140
Índia,2021-04-01,4.0000,4.2660,-0.2551
Índia,2021-05-01,4.0000,6.2893,-2.1538
Índia,2021-06-01,4.0000,6.2500,-2.1176
Índia,2021-07-01,4.0000,5.5487,-1.4673
Índia,2021-08-01,4.0000,5.2761,-1.2121
Índia,2021-09-01,4.0000,4.3689,-0.3535
Índia,2021-10-01,4.0000,4.5564,-0.5321
Índia,2021-11-01,4.0000,4.8984,-0.8565
Índia,2021-12-01,4.0000,5.6763,-1.5863
Índia,2022-01-01,4.0000,6.0753,-1.9565
Índia,2022-02-01,4.0000,6.0606,-1.9429
Índia,2022-03-01,4.0000,6.9007,-2.7135
Índia,2022-04-01,4.0000,7.8219,-3.5446
Índia,2022-05-01,4.4000,6.9822,-2.4137
Índia,2022-06-01,4.9000,6.9412,-1.9087
Índia,2022-07-01,4.9000,6.6589,-1.6491
Índia,2022-08-01,5.4000,6.9930,-1.4889
Índia,2022-09-01,5.9000,7.3256,-1.3283
Índia,2022-10-01,5.9000,6.7661,-0.8112
Índia,2022-11-01,5.9000,5.9226,-0.0213
Índia,2022-12-01,6.2500,5.7143,0.5068
Índia,2023-01-01,6.2500,6.5292,-0.2621
Índia,2023-02-01,6.5000,6.4000,0.0940
Índia,2023-03-01,6.5000,5.6625,0.7926
Índia,2023-04-01,6.5000,4.6875,1.7313
Índia,2023-05-01,6.5000,4.3142,2.0954
Índia,2023-06-01,6.5000,4.8405,1.5829
Índia,2023-07-01,6.5000,7.4480,-0.8823
Índia,2023-08-01,6.5000,6.8627,-0.3394
Índia,2023-09-01,6.5000,5.0921,1.3397
Índia,2023-10-01,6.5000,4.8335,1.5897
Índia,2023-11-01,6.5000,5.4839,0.9633
Índia,2023-12-01,6.5000,5.7297,0.7285
Índia,2024-01-01,6.5000,5.0538,1.3767
Índia,2024-02-01,6.5000,5.1557,1.2783
Índia,2024-03-01,6.5000,4.9303,1.4959
Índia,2024-04-01,6.5000,4.7974,1.6246
Índia,2024-05-01,6.5000,4.8780,1.5465
Índia,2024-06-01,6.5000,5.1417,1.2919
Índia,2024-07-01,6.5000,3.6697,2.7301
Índia,2024-08-01,6.5000,3.6697,2.7301
Índia,2024-09-01,6.5000,5.4639,0.9824
Índia,2024-10-01,6.5000,6.2500,0.2353
Índia,2024-11-01,6.5000,5.5046,0.9435
Índia,2024-12-01,6.5000,5.2147,1.2216
Índia,2025-01-01,6.5000,4.0635,2.3414
Índia,2025-02-01,6.2500,3.4934,2.6636
Índia,2025-03-01,6.2500,3.5649,2.5927
Índia,2025-04-01,6.0000,3.3367,2.5773
Índia,2025-05-01,6.0000,3.0334,2.8793
Índia,2025-06-01,5.5000,2.3054,3.1226
Índia,2025-07-01,5.5000,1.6224,3.8157
Índia,2025-08-01,5.5000,2.0059,3.4254
Índia,2025-09-01,5.5000,1.4076,4.0356
Índia,2025-10-01,5.5000,0.0386,5.4593
Índia,2025-11-01,5.5000,0.4928,4.9827
Índia,2025-12-01,5.2500,1.1662,4.0367
Índia,2026-01-01,5.2500,2.7343,2.4487
Índia,2026-02-01,5.2500,3.2077,1.9789
Índia,2026-03-01,5.2500,3.4027,1.7865
Índia,2026-04-01,5.2500,3.4849,1.7056
Índia,2026-05-01,5.2500,3.9352,1.2650
Índia,2026-06-01,5.2500,4.3801,0.8334
Índia,2026-07-01,,4.4412,
